:020000040800F2
:10000000002000208D350008293400083134000814
:1000100000000000000000000000000000000000E0
:10002000000000000000000000000000393400085B
:100030000000000000000000433400084D340008B8
:10004000DD350008DD350008E1340008DD35000845
:10005000DD3500085B340008DD3500088534000814
:1000600000000000DD350008DD350008DD35000842
:10007000DD350008DD350008DD350008DD35000818
:10008000DD350008F9340008DD3500089934000832
:1000900000000000B1340008C9340008DD35000854
:1000A000DD350008DD350008DD350008DD350008E8
:0C00B0006D340008DD3500080000000081
:1000BC0010B5064C2378002B07D1054B002B02D032
:1000CC00044800E000BF0123237010BD5000002045
:1000DC0000000000A4A20008044B10B5002B03D0B4
:1000EC000349044800E000BF10BDC04600000000FA
:1000FC0054000020A4A20008002243088B4274D3B1
:10010C0003098B425FD3030A8B4244D3030B8B420C
:10011C0028D3030C8B420DD3FF22090212BA030C15
:10012C008B4202D31212090265D0030B8B4219D3F6
:10013C0000E0090AC30B8B4201D3CB03C01A524116
:10014C00830B8B4201D38B03C01A5241430B8B425E
:10015C0001D34B03C01A5241030B8B4201D30B0347
:10016C00C01A5241C30A8B4201D3CB02C01A52416E
:10017C00830A8B4201D38B02C01A5241430A8B4231
:10018C0001D34B02C01A5241030A8B4201D30B021A
:10019C00C01A5241CDD2C3098B4201D3CB01C01A34
:1001AC00524183098B4201D38B01C01A524143093E
:1001BC008B4201D34B01C01A524103098B4201D32C
:1001CC000B01C01A5241C3088B4201D3CB00C01A99
:1001DC00524183088B4201D38B00C01A5241430811
:1001EC008B4201D34B00C01A5241411A00D2014636
:1001FC00524110467047FFE701B5002000F006F8A9
:10020C0002BDC0460029F7D076E770477047C0465C
:10021C00002B11D1002A0FD1002900D1002802D0C7
:10022C000021C943080007B4024802A140180290FB
:10023C0003BDC046D9FFFFFF03B4684601B5029861
:10024C0000F006F8019B9E4602B00CBC7047C046FD
:10025C00F0B557464E464546DE46E0B504000D0067
:10026C009246994683B08B4230D82DD049465046A1
:10027C0000F0BAF829000600200000F0B5F8331A97
:10028C009846203B34D49B4653465A4693404246AC
:10029C001F00534693401E00AF423BD8AF4200D1E3
:1002AC0079E05B46A41BBD41002B00DA76E000220E
:1002BC0000230092019301235A469340019301239A
:1002CC0042469340009329E08242CFD9002200237A
:1002DC00009201930C9B002B01D01C605D60009878
:1002EC00019903B0F0BCBB46B246A946A046F0BD8E
:1002FC0042469B4620239B1A5246DA404146130045
:10030C004A468A40170042461F43534693401E00FC
:10031C00AF42C3D900220023009201934346002B25
:10032C00D8D0FB0772081A4346467B080EE0AB4256
:10033C0001D1A2420CD8A41A9D41012024196D416F
:10034C000021013E24184D41002E06D0AB42EED9BF
:10035C00013E24196D41002EF8D1009801995B469D
:10036C0000196941002B24DB2B005A464446D3402C
:10037C002A00E2401C005B461500002B2ADB2600FD
:10038C009E40330026004746BE403200801A9941F9
:10039C00009001919EE7A342BCD882E742462023FD
:1003AC0000219B1A0022009101920122DA40019255
:1003BC0085E7424620239B1A2A0046469A40230092
:1003CC00F340444613432A00E2401C005B461500F0
:1003DC00002BD4DA42462F002023260097409B1A8C
:1003EC00DE403B003343CDE710B5002903D100F0CC
:1003FC0007F8203002E0080000F002F810BDC046FB
:10040C001C2101231B04984201D3000C10391B0A38
:10041C00984201D3000A08391B09984201D30009FC
:10042C00043902A2105C40187047C0460403020253
:10043C0001010101000000000000000080B584B043
:10044C0000AF78600F23FB1800221A700E23FB18E4
:10045C0000221A7002F074F90023BB6003E0C0465E
:10046C00BB680133BB60CB4B82229B5A9BB21A00F8
:10047C00BB689342F3D3C74B1B79DBB2062B05D178
:10048C000E23FB1800221A7000F09CFBC14B1B7949
:10049C00DBB2012B63D102F099FA0E23FB18012277
:1004AC001A70BD4B1B78002B0CD1BA4B20229B5CD5
:1004BC00DBB21B09DAB20F23FB180F210A401A70AA
:1004CC0000F080FBB44B1B78012B0AD1B14B2022DE
:1004DC009B5CDAB20F23FB180F210A401A7000F054
:1004EC0071FBAD4B1B78022B0CD1AA4B21229B5CD0
:1004FC00DBB21B09DAB20F23FB180F210A401A706A
:10050C0000F060FBA44B1B78032B09D1A14B2122DB
:10051C009B5CDAB20F23FB180F210A401A7051E3CF
:10052C009D4B1B78042B0BD19A4B22229B5CDBB28C
:10053C001B09DAB20F23FB180F210A401A7041E392
:10054C00954B1B78052B00D03CE3924B22229B5CF5
:10055C00DAB20F23FB180F210A401A7032E38D4BCD
:10056C001B79DBB2022B0CD10E23FB1801221A7063
:10057C00884B1B78DAB20F23FB180F210A401A7034
:10058C0020E3844B1B79DBB2032B05D0814B1B7909
:10059C00DBB2072B00D001E17F4B1B78002B2BD15A
:1005AC007C4B6E229B5CDBB2012B03D10E23FB1820
:1005BC0001221A70774B1B79DBB2032B0AD1754BD6
:1005CC001B7ADBB21B09DAB20F23FB180F210A408E
:1005DC001A70F4E26F4B1B79DBB2072B00D0EEE202
:1005EC006C4B40229B5CDBB21B09DAB20F23FB186D
:1005FC000F210A401A70E2E2674B1B78012B27D1BE
:10060C00644B6E229B5CDBB2012B03D10E23FB18D7
:10061C0001221A705F4B1B79DBB2032B08D15D4BA7
:10062C001B7ADAB20F23FB180F210A401A70C6E2AC
:10063C00584B1B79DBB2072B00D0C0E2554B402244
:10064C009B5CDAB20F23FB180F210A401A70B6E23A
:10065C00514B1B78022B25D10E23FB1801221A704B
:10066C004C4B1B79DBB2032B0AD14A4B5B7ADBB2C6
:10067C001B09DAB20F23FB180F210A401A709EE2F5
:10068C00444B1B79DBB2072B00D098E2414B412243
:10069C009B5CDBB21B09DAB20F23FB180F210A405B
:1006AC001A708CE23C4B1B78032B21D10E23FB18C8
:1006BC0001221A70374B1B79DBB2032B08D1354B57
:1006CC005B7ADAB20F23FB180F210A401A7076E21C
:1006DC00304B1B79DBB2072B00D070E22D4B412243
:1006EC009B5CDAB20F23FB180F210A401A7066E2EA
:1006FC00294B1B78042B25D10E23FB1801221A70D1
:10070C00244B1B79DBB2032B0AD1224B9B7ADBB235
:10071C001B09DAB20F23FB180F210A401A704EE2A4
:10072C001C4B1B79DBB2072B00D048E2194B422241
:10073C009B5CDBB21B09DAB20F23FB180F210A40BA
:10074C001A703CE2144B1B78052B00D037E20E23B9
:10075C00FB1801221A700F4B1B79DBB2032B08D14B
:10076C000C4B9B7ADAB20F23FB180F210A401A703C
:10077C0025E2084B1B79DBB2072B00D01FE2054B9F
:10078C0042229B5CDAB20F23FB180F210A401A702D
:10079C0015E2C0466C0600206C000020D14B1B7982
:1007AC00DBB2042B05D0CF4B1B79DBB2082B00D06E
:1007BC00FCE0CD4B1B78002B25D10E23FB1801221E
:1007CC001A70C84B1B79DBB2042B0AD1C54B1B7AB0
:1007DC00DBB21B09DAB20F23FB180F210A401A7087
:1007EC00EFE1C04B1B79DBB2082B00D0E9E1BD4B2C
:1007FC0040229B5CDBB21B09DAB20F23FB180F21E2
:10080C000A401A70DDE1B84B1B78012B21D10E2365
:10081C00FB1801221A70B34B1B79DBB2042B08D1E5
:10082C00B04B1B7ADAB20F23FB180F210A401A7057
:10083C00C7E1AC4B1B79DBB2082B00D0C1E1A94B53
:10084C0040229B5CDAB20F23FB180F210A401A706E
:10085C00B7E1A54B1B78022B2BD1A24B6E229B5CD4
:10086C00DBB2012B03D10E23FB1801221A709D4B16
:10087C001B79DBB2042B0AD19A4B5B7ADBB21B09D6
:10088C00DAB20F23FB180F210A401A7099E1954B2D
:10089C001B79DBB2082B00D093E1924B41229B5C7D
:1008AC00DBB21B09DAB20F23FB180F210A401A70B6
:1008BC0087E18D4B1B78032B27D18A4B6E229B5CD7
:1008CC00DBB2012B03D10E23FB1801221A70854BCE
:1008DC001B79DBB2042B08D1824B5B7ADAB20F2383
:1008EC00FB180F210A401A706BE17E4B1B79DBB2AF
:1008FC00082B00D065E17B4B41229B5CDAB20F23C5
:10090C00FB180F210A401A705BE1774B1B78042B04
:10091C0025D10E23FB1801221A70724B1B79DBB206
:10092C00042B0AD16F4B9B7ADBB21B09DAB20F2373
:10093C00FB180F210A401A7043E16A4B1B79DBB29A
:10094C00082B00D03DE1674B42229B5CDBB21B09BC
:10095C00DAB20F23FB180F210A401A7031E1624BF7
:10096C001B78052B00D02CE10E23FB1801221A70EA
:10097C005C4B1B79DBB2042B08D15A4B9B7ADAB255
:10098C000F23FB180F210A401A701AE1554B1B79E3
:10099C00DBB2082B00D014E1524B42229B5CDAB242
:1009AC000F23FB180F210A401A700AE14D4B1B79DB
:1009BC00DBB2052B05D04B4B1B79DBB2092B00D0DE
:1009CC0000E1494B1B78002B25D10E23FB1801228B
:1009DC001A70444B1B79DBB2052B0AD1414B1B7AA5
:1009EC00DBB21B09DAB20F23FB180F210A401A7075
:1009FC00E8E03C4B1B79DBB2092B00D0E2E0394B31
:100A0C0040229B5CDBB21B09DAB20F23FB180F21CF
:100A1C000A401A70D6E0344B1B78012B21D10E23DF
:100A2C00FB1801221A702F4B1B79DBB2052B08D156
:100A3C002C4B1B7ADAB20F23FB180F210A401A70C9
:100A4C00C0E0284B1B79DBB2092B00D0BAE0254B58
:100A5C0040229B5CDAB20F23FB180F210A401A705C
:100A6C00B0E0214B1B78022B25D10E23FB18012261
:100A7C001A701C4B1B79DBB2052B0AD1194B5B7A14
:100A8C00DBB21B09DAB20F23FB180F210A401A70D4
:100A9C0098E0144B1B79DBB2092B00D092E0114B80
:100AAC0041229B5CDBB21B09DAB20F23FB180F212E
:100ABC000A401A7086E00C4B1B78032B25D10E23B1
:100ACC00FB1801221A70074B1B79DBB2052B0DD1D9
:100ADC00044B5B7ADAB20F23FB180F210A401A7011
:100AEC0070E0C0466C0600206C000020784B1B792F
:100AFC00DBB2092B66D1764B41229B5CDAB20F2319
:100B0C00FB180F210A401A705CE0724B1B78042B07
:100B1C002AD16F4B6E229B5CDBB2012B03D10E23CF
:100B2C00FB1801221A706A4B1B79DBB2052B0AD118
:100B3C00674B9B7ADBB21B09DAB20F23FB180F2130
:100B4C000A401A703EE0624B1B79DBB2092B39D19B
:100B5C005F4B42229B5CDBB21B09DAB20F23FB1802
:100B6C000F210A401A702DE05A4B1B78052B29D106
:100B7C00574B6E229B5CDBB2012B03D10E23FB186F
:100B8C0001221A70524B1B79DBB2052B08D1504B4A
:100B9C009B7ADAB20F23FB180F210A401A7011E06E
:100BAC004B4B1B79DBB2092B0CD1494B42229B5C82
:100BBC00DAB20F23FB180F210A401A7002E0C0466C
:100BCC0000E0C0460E23FB181B78002B08D0414BCD
:100BDC001A780F23FB181B781900100001F03EFD4A
:100BEC003C4B1B780133DAB23A4B1A70394B1B78F9
:100BFC00062B02D1374B00221A70354B1B79DBB216
:100C0C00012B09D0324B1B79DBB2022B11D1304BAB
:100C1C005B79DBB2012B0CD12F4B01220821180080
:100C2C0003F0ADF82C4B01221021180003F0A7F8AB
:100C3C000BE0294B00220821180003F0A0F8264BEA
:100C4C0000221021180003F09AF8214B38229B5CEB
:100C5C00DBB2012B29D1214B1B881A00204B5200EF
:100C6C00D25A204B1B685A631C4B1B881A001C4B16
:100C7C005200D25A1B4B1B689A63184B1B881A00E4
:100C8C00174B5200D25A174B1B68DA63134B1B8855
:100C9C00FF2B03D1114B00221A8015E00F4B1B8840
:100CAC0001339AB20D4B1A800EE00E4B1B680022DA
:100CBC005A630C4B1B6800229A630A4B1B68002278
:100CCC00DA63064B00221A80C046BD4604B080BDD4
:100CDC006C0600206C000020000400506E00002008
:100CEC00BCA20008DC00002080B582B000AF7860A8
:100CFC00404B1B79DBB2022B05D03F4B0221180075
:100D0C0001F02CFE06E03B4B1B78DBB20133DAB270
:100D1C00384B1A70374B9B78DBB21A00354BDB78AB
:100D2C00013B9A422ED1334B1B78DBB21A00314B6C
:100D3C005B7801339A4225D1304B1B68304ADA621A
:100D4C002E4B2F4ADA602D4B1B682D4A9A622D4B85
:100D5C005A692C4B01210A435A612A4B1A69294BB7
:100D6C0001218A431A61234B5B79DAB2224B1100C1
:100D7C00180001F0F3FD1F4B00221A701D4B0022CE
:100D8C009A7032E01D4B1B681D4ADA621B4B1C4AE1
:100D9C00DA601A4B1B6819229A621A4B5A69194B62
:100DAC0001210A435A61174B1A69164B01218A43D8
:100DBC001A61104B1B78DBB21A000E4B5B780133B7
:100DCC009A4212D10B4B9B78DBB21A00094BDB78A1
:100DDC00013B9A4209D0074B00221A70054B9B78B5
:100DEC00DBB20133DAB2034B9A70C046BD4602B097
:100DFC0080BDC0466C06002070060020CC0300208D
:100E0C00FFFF00000044014080B582B000AF786065
:100E1C00094B6E229B5CDBB2012B04D1064B6E227C
:100E2C000021995403E0044B6E2201219954C046D1
:100E3C00BD4602B080BDC0466C06002090B583B0A4
:100E4C0000AF7860B84B180001F0D8FDB74B6C229E
:100E5C009B5CDBB2002B00D0D6E1B54B1B78002B92
:100E6C0000D0C2E0B34B1B78002B00D0BDE0AF4BE1
:100E7C0038229B5CDBB2002B00D0B6E0AE4B1A687C
:100E8C005B68002B04D140D1FA21C9008A423CD3C3
:100E9C00A94B1A685B68002B37D103D1FA210901E1
:100EAC008A4232D2A24B01221A70A44B03211800A1
:100EBC0001F054FD01F0B0FC9C4B9C4A08332032ED
:100ECC0013CA13C303CA03C3984B1B7ADBB21800B3
:100EDC0005F08AF803001A00944B1A77934B5B7A4F
:100EEC00DBB2180005F080F803001A008F4B5A771C
:100EFC008E4B9B7ADBB2180005F076F803001A00D3
:100F0C008A4B9A7701F048FE6EE08B4B1A685B684F
:100F1C00002B03D144D18A498A4241D9864B1A68A5
:100F2C005B68002B3CD102D186498A4238D8814B70
:100F3C0001221A70814B0721180001F00FFD01F0FE
:100F4C006BFC7A4B794A4033203213CA13C303CA61
:100F5C0003C3764B40229B5CDBB2180005F044F8CF
:100F6C0003001900714B54229954704B41229B5C25
:100F7C00DBB2180005F038F8030019006B4B552252
:100F8C0099546A4B42229B5CDBB2180005F02CF89A
:100F9C0003001900654B5622995401F021FE23E001
:100FAC00654B1A685B68002B05D100D021E16649BE
:100FBC008A4200D81DE1604B1A685B68002B00D098
:100FCC0017E103D161498A4200D912E1574B39220A
:100FDC009B5CDBB2012B00D00BE101F0BBFD534B52
:100FEC0078220121995404E103E1514B1B78012B28
:100FFC0000D05EE0504B1A685B68002B04D12FD1F7
:10100C00FA21C9008A422BD34B4B1A685B68002B20
:10101C0026D103D1FA2109018A4221D2434B1B79F3
:10102C00DBB2032B05D1454B0421180001F096FCD3
:10103C00E1E03E4B1B79DBB2042B05D13F4B052184
:10104C00180001F08BFCD6E0384B1B79DBB2052B7A
:10105C0000D0D0E0394B0321180001F07FFCCAE02E
:10106C00354B1A685B68002B05D100D0C6E03449BB
:10107C008A4200D8C2E0304B1A685B68002B00D063
:10108C00BCE003D12F498A4200D9B7E02B4B012198
:10109C00180001F063FC01F0E1FB254B00221A70F3
:1010AC002B492C4B0122180004F0BEFA01F088FDEC
:1010BC00A4E0204B1B78012B00D07FE01E4B1A685C
:1010CC005B68002B04D147D1FA21C9008A4243D373
:1010DC00194B1A685B68002B3ED103D1FA21090128
:1010EC008A4239D2114B1B79DBB2072B05D1134B3A
:1010FC000821180001F032FC7FE00C4B1B79DBB2AD
:10110C00082B05D10D4B0921180001F027FC74E0C8
:10111C00064B1B79DBB2092B00D06EE0074B072185
:10112C00180001F01BFC68E0D80600206C060020BB
:10113C007000002071000020780000207006002054
:10114C007B1500004B1D000033210000F72A000026
:10115C007406002080000020384B1A685B68002B56
:10116C0003D14BD136498A4248D9344B1A685B6853
:10117C00002B43D102D133498A423FD8324B012153
:10118C00180001F0EBFB01F069FB304B00221A70E8
:10119C002F4B40229B5CD8B22D4B41229B5CD9B289
:1011AC002B4B42229B5CDBB21A0001F08BFC01F052
:1011BC0035FD274B3922012199541FE0244B38224D
:1011CC009B5CDBB2012B19D11C4B1A685B68002BA2
:1011DC0002D113D1312A11D9184B1A685B68002B34
:1011EC000CD103D1FA2149008A4207D201F0B2FC9A
:1011FC0004E0C04602E0C04600E0C0460F490022B1
:10120C0000230A604B600FE0114B6C229B5CDBB23D
:10121C00012B09D1094B1A685B68012000211218B7
:10122C004B4106490A604B600A4BFA22FA2118001E
:10123C0002F08EFEC046BD4603B090BD7800002083
:10124C007B1500004B1D0000700600207100002073
:10125C006C0600204405002080B582B000AF02006F
:10126C00BB1D1A80002001F08FFB01F017FCC0465B
:10127C00BD4602B080BD000080B582B000AF786082
:10128C00034B382201219954C046BD4602B080BDA3
:10129C006C06002080B582B000AF7860394B80229C
:1012AC009B5CDBB2002B0CD1364B81229B5CDBB2FE
:1012BC001A00354B53431B0A99B2324B8222995276
:1012CC004EE0304B80229B5CDBB2012B1FD12D4BAF
:1012DC0081229B5CDBB21A0013005B009B185B0144
:1012EC009B1A9A009B181B0A99B2264B862299527C
:1012FC00244B84229B5CDBB21900224B86229B5A26
:10130C009BB222480A00202104F09BFE28E01D4BD2
:10131C0080229B5CDBB2022B22D11A4B81229B5C7C
:10132C00DBB2002B04D1174B84220021995409E025
:10133C00144B81229B5CDBB2012B03D1114B842219
:10134C00012199540F4B84229B5CDBB219000D4B8D
:10135C0086229B5A9BB20D480A00202104F071FE94
:10136C00084B802200219954064B8122002199546C
:10137C000749084B0222180006F0E4FFC046BD46A0
:10138C0002B080BD6C060020C40900008000002063
:10139C00EC060020A005002080B586B000AF02F05E
:1013AC0019F900F05FFC01F061F800F0C9FC00F0E5
:1013BC00E1FD00F041FE01F025F800F0F7FC00F033
:1013CC009BFF00F013FF00F0C3FE01F009F9DB4AAC
:1013DC00DB4B0E21180006F037F8DA4ADA4B0E21F7
:1013EC00180006F031F8D94AD94B0E21180006F036
:1013FC002BF8D84AD84B0221180002F01FFFD74A0D
:10140C00D74B0021180004F081F8D64AD64B0321A3
:10141C00180006F0E7FE00F0E9FBD148C8230022D3
:10142C00202104F00EFED14B180001F031FA01F02E
:10143C00AFF901F0CFF9012001F0A6FACC4B3C2119
:10144C00180005F0ADFBC44BFA22FA21180002F08B
:10145C007FFD01F0F3FB01F00FFCC649C24B0222E9
:10146C00180006F06FFFC14B38229B5CDBB2012BDE
:10147C0001D100F0ADFB0A2002F032F9BB4B9A6EA1
:10148C00BA4B5A66BA4B1B685B6A5A08B74B9A66DA
:10149C00B64B1B79DBB2032B0AD0B44B1B79DBB2F6
:1014AC00042B05D0B14B1B79DBB2052B00D0BDE171
:1014BC00AE4B1B79DBB2032B00D07AE0AB4B9A6EB0
:1014CC00AA4B5B6E9A4237D3A84B1B7FDBB2190039
:1014DC00A64B9A6EA54B5B6ED31ACB18172B1BD948
:1014EC00A24B1B7FD9B2A14B9B6EDAB29F4B5B6EAA
:1014FC00DBB2D31ADAB20D203B188A181A7001002D
:10150C007B187A181278173A1A707B181B78013BE3
:10151C00DAB2964B1A776BE1944B1B7FDAB2934B92
:10152C009B6ED9B2914B5B6EDBB2CB1ADBB2D3188C
:10153C00DAB28E4B1A775BE18C4B1B7FDBB21A0055
:10154C008A4B5B6E1BB21900884B9B6E1BB2CB1A7D
:10155C00D31A1ED5854B1B7FDBB21900834B9B6EB8
:10156C009AB2824B5B6E9BB2D31A9BB2CB189AB2D7
:10157C000E217B181A807B181B8817339AB27B18A4
:10158C001A807B181B88DBB20133DAB2774B1A77DF
:10159C002EE1764B1B7FDAB2744B9B6ED9B2734B38
:1015AC005B6EDBB2CB1ADBB2D318DAB26F4B1A77A5
:1015BC001EE16E4B1B79DBB2042B00D07AE06B4B37
:1015CC009A6E6A4B5B6E9A4237D3684B5B7FDBB289
:1015DC001900664B9A6E654B5B6ED31ACB183B2B7E
:1015EC001BD9624B5B7FD9B2604B9B6EDAB25F4BFF
:1015FC005B6EDBB2D31ADAB211203B188A181A7060
:10160C0001007B187A1812783B3A1A707B181B78F9
:10161C00013BDAB2554B5A77EAE0544B5B7FDAB2B6
:10162C00524B9B6ED9B2514B5B6EDBB2CB1ADBB219
:10163C00D318DAB24D4B5A77DAE04C4B5B7FDBB206
:10164C001A004A4B5B6E1BB21900484B9B6E1BB2C7
:10165C00CB1AD31A1ED5454B5B7FDBB21900434B1B
:10166C009B6E9AB2414B5B6E9BB2D31A9BB2CB185A
:10167C009AB212217B181A807B181B883B339AB2C2
:10168C007B181A807B181B88DBB20133DAB2374B1C
:10169C005A77ADE0354B5B7FDAB2344B9B6ED9B2E7
:1016AC00324B5B6EDBB2CB1ADBB2D318DAB22F4BF8
:1016BC005A779DE02D4B1B79DBB2052B00D097E0C0
:1016CC002A4B9A6E294B5B6E9A4255D3274B9B7FC4
:1016DC00DBB21900254B9A6E244B5B6ED31ACB18D8
:1016EC003B2B1BD9214B9B7FD9B2204B9B6EDAB283
:1016FC001E4B5B6EDBB2D31ADAB215203B188A187C
:10170C001A7001007B187A1812783B3A1A707B1801
:10171C001B78013BDAB2154B9A7769E0134B9B7F30
:10172C00DAB2124B9B6ED9B2104B5B6EDBB2CB1A9A
:10173C00DBB2D318DAB20D4B9A7759E049040008A2
:10174C0088040020F50C0008CC030020150E0008BE
:10175C0010030020490E00084405002085120008E3
:10176C0080000020A1120008A00500206C060020BB
:10177C0098010020EC060020E14B9B7FDBB21A00A5
:10178C00DF4B5B6E1BB21900DD4B9B6E1BB2CB1A91
:10179C00D31A1ED5DA4B9B7FDBB21900D84B9B6E4C
:1017AC009AB2D74B5B6E9BB2D31A9BB2CB189AB240
:1017BC0016217B181A807B181B883B339AB27B1836
:1017CC001A807B181B88DBB20133DAB2CC4B9A77C8
:1017DC000EE0CB4B9B7FDAB2C94B9B6ED9B2C84B98
:1017EC005B6EDBB2CB1ADBB2D318DAB2C44B9A778E
:1017FC00C34B1B7FDBB2180004F0CEFB03001A00B6
:10180C00BF4B1A72BE4B5B7FDBB2180004F0C4FBFB
:10181C0003001A00BA4B5A72B94B9B7FDBB218000B
:10182C0004F0BAFB03001A00B54B9A72B44B1B7947
:10183C00DBB2072B0AD0B24B1B79DBB2082B05D0DD
:10184C00AF4B1B79DBB2092B00D0C3E1AC4B1B793E
:10185C00DBB2072B00D081E0A94B9A6EA84B5B6ED4
:10186C009A423AD3A64B54229B5CDBB21900A44B90
:10187C009A6EA34B5B6ED31ACB18172B1BD9A04BAC
:10188C0054229B5CD9B29E4B9B6EDAB29C4B5B6E26
:10189C00DBB2D31ADAB27B1C8A181A707B1C7A1C46
:1018AC001278173A1A707B1C1B78013BD9B2944BF7
:1018BC005422995467E1924B54229B5CDAB2904BC0
:1018CC009B6ED9B28E4B5B6EDBB2CB1ADBB2D318EC
:1018DC00D9B28B4B5422995455E1894B54229B5CC1
:1018EC00DBB21A00864B5B6E1BB21900844B9B6EED
:1018FC001BB2CB1AD31A1FD5814B54229B5CDBB283
:10190C0019007F4B9B6E9AB27D4B5B6E9BB2D31AC8
:10191C009BB2CB189AB2BB1C1A80BB1C1B8817330A
:10192C009AB2BB1C1A80BB1C1B88DBB20133D9B228
:10193C00734B5422995426E1714B54229B5CDAB2BE
:10194C006F4B9B6ED9B26E4B5B6EDBB2CB1ADBB2BC
:10195C00D318D9B26A4B5422995414E1684B1B79B1
:10196C00DBB2082B00D081E0654B9A6E644B5B6E4A
:10197C009A423AD3624B55229B5CDBB21900604B06
:10198C009A6E5F4B5B6ED31ACB183B2B1BD95C4BFF
:10199C0055229B5CD9B25A4B9B6EDAB2584B5B6E9C
:1019AC00DBB2D31ADAB27B1D8A181A707B1D7A1D32
:1019BC0012783B3A1A707B1D1B78013BD9B2504B05
:1019CC0055229954DFE04E4B55229B5CDAB24C4BBE
:1019DC009B6ED9B24A4B5B6EDBB2CB1ADBB2D3181F
:1019EC00D9B2474B55229954CDE0454B55229B5CBF
:1019FC00DBB21A00424B5B6E1BB21900404B9B6E64
:101A0C001BB2CB1AD31A1FD53D4B55229B5CDBB2B4
:101A1C0019003B4B9B6E9AB2394B5B6E9BB2D31A3F
:101A2C009BB2CB189AB2BB1D1A80BB1D1B883B33D3
:101A3C009AB2BB1D1A80BB1D1B88DBB20133D9B215
:101A4C002F4B552299549EE02D4B55229B5CDAB2BC
:101A5C002B4B9B6ED9B22A4B5B6EDBB2CB1ADBB233
:101A6C00D318D9B2264B552299548CE0244B1B79B0
:101A7C00DBB2092B00D086E0214B9A6E204B5B6EBB
:101A8C009A423FD31E4B56229B5CDBB219001C4B77
:101A9C009A6E1B4B5B6ED31ACB183B2B1DD9184B74
:101AAC0056229B5CD9B2164B9B6EDAB2144B5B6E12
:101ABC00DBB2D31ADAB209203B188A181A7001006B
:101ACC007B187A1812783B3A1A707B181B78013BFA
:101ADC00D9B20B4B5622995455E0094B56229B5CBC
:101AEC00DAB2074B9B6ED9B2054B5B6EDBB2CB1AED
:101AFC00DBB2D318D9B2024B5622995443E0C046FC
:101B0C006C060020384B56229B5CDBB21A00364B1D
:101B1C005B6E1BB21900344B9B6E1BB2CB1AD31AE3
:101B2C0020D5314B56229B5CDBB219002E4B9B6EA1
:101B3C009AB22D4B5B6E9BB2D31A9BB2CB189AB256
:101B4C000A217B181A807B181B883B339AB27B18AE
:101B5C001A807B181B88DBB20133D9B2224B562278
:101B6C00995410E0204B56229B5CDAB21E4B9B6EB4
:101B7C00D9B21D4B5B6EDBB2CB1ADBB2D318D9B228
:101B8C00194B56229954184B54229B5CDBB218000B
:101B9C0004F002FA03001900134B40229954124B23
:101BAC0055229B5CDBB2180004F0F6F90300190017
:101BBC000D4B412299540C4B56229B5CDBB2180006
:101BCC0004F0EAF903001900074B4222995401E092
:101BDC0001F07AF8044B78229B5CDBB2012B00D02D
:101BEC0041E401F0EBF83EE46C06002080B586B0D1
:101BFC0000AF3B001622DA703B0002225A703B0009
:101C0C0018229A703B0002221A703900144B0122E0
:101C1C00180003F00DFE031E01D000F019FD3B1D52
:101C2C0000221A703B1D00225A703B1D00229A7034
:101C3C003B1D0022DA703B1D0022DA603B1D0022A6
:101C4C001A61391D064B0122180003F0EDFC031E2E
:101C5C0001D000F0FDFCC046BD4606B080BDC046BC
:101C6C008000002090B593B000AF10243B191800F1
:101C7C0038231A00002108F0E3FA3B001800102367
:101C8C001A00002108F0DCFA80239B00180002F0F7
:101C9C00CBFC02F0BBFC294BDB6D182293431A00E2
:101CAC00264B08210A43DA653B1906221A603B19B8
:101CBC0001229A603B1980225200DA6021007B18C5
:101CCC0000221A617B1840225A617B180222DA61C9
:101CDC007B1802221A627B1800225A627B18082297
:101CEC009A627B1880229202DA627B18802292041C
:101CFC001A637B18802292055A637B18180002F035
:101D0C00DFFC031E01D000F0A3FC3B0007221A608D
:101D1C003B0002225A603B0000229A603B000022EA
:101D2C00DA603B000221180002F0E4FF031E01D030
:101D3C0000F08EFCC046BD4613B090BD00100240B2
:101D4C0080B500AF174B184A1A60164B00229A60E8
:101D5C00144B7F22DA60134BFF221A61114B0022C5
:101D6C005A61104B00229A610E4B0022DA610D4B26
:101D7C008022D2051A620B4B00225A62094B1800C2
:101D8C0003F0DCFA031E01D000F062FC00220021FB
:101D9C00022001F075FD022001F087FDC046BD4612
:101DAC0080BDC046800000200028004080B59CB05B
:101DBC0000AF6023FB18180010231A00002108F054
:101DCC003FFA5423FB1818000C231A00002108F0CA
:101DDC0037FA3823FB1818001C231A00002108F0CE
:101DEC002FFA3B1D180034231A00002108F028FAA2
:101DFC005D4B5E4A1A605C4B00225A605A4B0022C3
:101E0C009A60594B5A4ADA60574B802292001A61F9
:101E1C00554B00225A61544B80229A61524B180048
:101E2C0004F0AAF9031E01D000F012FC60217B180B
:101E3C00802252011A607A184B4B1100180005F0E1
:101E4C00DDF9031E01D000F003FC474B180004F031
:101E5C00A5FC031E01D000F0FBFB54217B180022D3
:101E6C001A607B1800225A607B1800229A607A183C
:101E7C003D4B1100180006F029F8031E01D000F0AC
:101E8C00E7FB38217B1860221A607B18FA221201BA
:101E9C005A607B1800229A607B180022DA607B184B
:101EAC0000221A617B1800225A617B1800229A6169
:101EBC0079182D4B0022180005F0A0F8031E01D054
:101ECC0000F0C6FB3823F918274B0422180005F044
:101EDC0095F8031E01D000F0BBFB3823F918224BF8
:101EEC000822180005F08AF8031E01D000F0B0FBA0
:101EFC003B1D00221A603B1D00225A603B1D002234
:101F0C009A603B1D0022DA603B1D00221A613B1DCA
:101F1C00802292015A613B1D00229A613B1D0022D6
:101F2C00DA613B1D00221A623B1D802292045A6228
:101F3C003B1D00229A623B1D0022DA623B1D0022EF
:101F4C001A633A1D084B1100180006F027F8031EFF
:101F5C0001D000F07DFB044B180001F0EBF8C046FB
:101F6C00BD461CB080BDC046DC000020002C0140EA
:101F7C00FFFF000090B58DB000AF0C243B1918008A
:101F8C0024231A00002108F05BF93B0018000C23F5
:101F9C001A00002108F054F9264B8022D2051A6051
:101FAC00244B00225A60234B00229A60214B0122C1
:101FBC005242DA601F4B00221A611E4B00229A61BA
:101FCC0021007B1801221A607B1802225A607B18B0
:101FDC0001229A607B180022DA607B180F221A61AA
:101FEC007B1802225A617B1801229A617B1800220D
:101FFC00DA617B1800221A627A180E4B1100180055
:10200C0004F018FD031E01D000F022FB3B0000225F
:10201C001A603B0000229A603A00064B110018002F
:10202C0005F054FF031E01D000F012FBC046BD4664
:10203C000DB090BD9801002080B58EB000AF282364
:10204C00FB18180010231A00002108F0F9F81C23C3
:10205C00FB1818000C231A00002108F0F1F83B00C3
:10206C0018001C231A00002108F0EAF8354B364AF8
:10207C001A60344B00225A60324B00229A60314B6A
:10208C00324ADA602F4B802292001A612D4B80224B
:10209C009A612C4B180004F06FF8031E01D000F06D
:1020AC00D7FA28217B18802252011A607A18254B06
:1020BC001100180005F0A2F8031E01D000F0C8FAB8
:1020CC00204B180004F06AFB031E01D000F0C0FA8C
:1020DC001C217B1800221A607B1800229A607A1847
:1020EC00184B1100180005F0F1FE031E01D000F092
:1020FC00AFFA3B0060221A603B0000225A603B00A2
:10210C0000229A603B0000221A6139000D4B00221C
:10211C00180004F073FF031E01D000F099FA390087
:10212C00084B0822180004F069FF031E01D000F0D0
:10213C008FFA044B180000F0FDFFC046BD460EB0F0
:10214C0080BDC0465402002000040040FFFF000088
:10215C0080B588B000AF3B1D18001C231A0000216D
:10216C0008F06EF81E4B1F4A1A601D4B7822FF3286
:10217C005A601B4B00229A60194B1B4ADA60184BB1
:10218C00802292001A61164B80229A61144B18001F
:10219C0003F0F2FF031E01D000F05AFA104B1800A6
:1021AC0004F09CF8031E01D000F052FA3B1D0022F3
:1021BC001A603B1D00225A603B1D00229A603B1D99
:1021CC0000221A61391D064B0022180004F0B6FEDD
:1021DC00031E01D000F03CFAC046BD4608B080BDDD
:1021EC001003002000200040FFFF000080B594B0D9
:1021FC0000AF3423FB1818001C231A00002108F030
:10220C001FF83B00180034231A00002108F018F8BE
:10221C00364B374A1A60354B364A5A60334B0022DC
:10222C009A60324B334ADA60304B802292001A614A
:10223C002E4B00225A612D4B80229A612B4B180099
:10224C0003F09AFF031E01D000F002FA274B18008E
:10225C0004F044F8031E01D000F0FAF934217B1885
:10226C0000221A607B1800225A607B1800229A60A8
:10227C007B180022DA607B1800221A617B1800227E
:10228C005A617B1800229A617918184B00221800A9
:10229C0004F054FE031E01D000F0DAF93B000022DA
:1022AC001A603B0000225A603B0000229A603B00FF
:1022BC000022DA603B0000221A613B00802292016E
:1022CC005A613B0000229A613B0000221A633A00DB
:1022DC00064B1100180005F061FE031E01D000F042
:1022EC00B7F9C046BD4614B080BDC046CC03002033
:1022FC0000440140FFFF000080B594B000AF3423D0
:10230C00FB1818001C231A00002107F099FF3B0052
:10231C00180034231A00002107F092FF364B374A7D
:10232C001A60354B03225A60334B00229A60324BB1
:10233C00334ADA60304B802292001A612E4B002215
:10234C005A612D4B80229A612B4B180003F014FF1D
:10235C00031E01D000F07CF9274B180003F0BEFFE0
:10236C00031E01D000F074F934217B1800221A608E
:10237C007B1800225A607B1800229A607B1800227E
:10238C00DA607B1800221A617B1800225A617B18D4
:10239C0000229A617918184B0022180004F0CEFD27
:1023AC00031E01D000F054F93B0000221A603B00E0
:1023BC0000225A603B0000229A603B000022DA6047
:1023CC003B0000221A613B00802292015A613B00C3
:1023DC0000229A613B0000221A633A00064B11005E
:1023EC00180005F0DBFD031E01D000F031F9C046EA
:1023FC00BD4614B080BDC046880400200048014092
:10240C00409C000080B500AF164B174A1A60154B64
:10241C00962292015A60134B00229A60114B0022B3
:10242C00DA60104B00221A610E4B0C225A610D4BD4
:10243C0000229A610B4B0022DA610A4B00221A62CD
:10244C00084B00225A62074B00229A62054B180077
:10245C0005F060FE031E01D000F0FAF8C046BD4640
:10246C0080BDC046A00500200044004090B58BB054
:10247C0000AF14243B19180014231A00002107F094
:10248C00DFFE534B5A6B524B02210A435A63504B9B
:10249C005B6B022213403B613B694D4B5A6B4C4BBF
:1024AC0004210A435A634A4B5B6B04221340FB60C2
:1024BC00FB68474B5A6B464B20210A435A63444BEB
:1024CC005B6B20221340BB60BB68414B5A6B404B8B
:1024DC0001210A435A633E4B5B6B012213407B6024
:1024EC007B683B19FF2292001A603B1901225A604B
:1024FC003B1900229A603B190022DA603B19354ADD
:10250C001900100001F0BAFA21007B1804221A609D
:10251C007B18882252035A600C003B1900229A60E7
:10252C003B192D4A1900100001F0A8FA3B192B4A4F
:10253C001A603B1901225A603B1900229A603B1920
:10254C000022DA603A19A023DB051100180001F013
:10255C0095FA21007B1802221A607B1888225203FC
:10256C005A607B1800229A600C007B18194A1900DB
:10257C00100001F083FA21007B18802212021A60ED
:10258C007B1800225A607B1801229A607A18A023CB
:10259C00DB051100180001F071FAFF239B000D48B8
:1025AC000022190001F0EBFB0C49A023DB050122F2
:1025BC00180001F0E4FB00220021052001F060F975
:1025CC00052001F072F9C046BD460BB090BDC04667
:1025DC00001002400004005000140050F0180000DD
:1025EC0080B500AF174B184A1A60164B00225A6080
:1025FC00144BE02212019A60124B144A5A61114B8F
:10260C0000221A620F4B8022D2035A620D4B002219
:10261C009A620C4B0022DA620A4B00221A63094BB5
:10262C00180001F0E5FB031E01D000F011F80022A8
:10263C000021112001F024F9112001F036F9C046D7
:10264C00BD4680BD44050020007C0040FFFF00001B
:10265C0080B500AF72B6C046C046FDE790B585B0F8
:10266C0000AF0200FB1D1A70BB1D0A1C1A700F2351
:10267C00FB1800221A702AE00F217A18FB1D127821
:10268C001B789A420ED07B181A78294B9200D0589E
:10269C007B181A78274B5200D35A0122190001F0EB
:1026AC006EFB0EE00F217B181A78214B9200D0584C
:1026BC007B181A781F4B5200D35A0022190001F0D4
:1026CC005EFB0F217B181A787B1801321A700F23CE
:1026DC00FB181B78052BCFD90E23FB1800221A7080
:1026EC001CE00E243B191A78134B9200D0583B195E
:1026FC001A78124B5200D15ABB1D1A783B191B7811
:10270C001A411300DBB201221340DBB21A0001F0B4
:10271C0036FB3B191A783B1901321A700E23FB1841
:10272C001B78032BDDD901231800BD4605B090BDE5
:10273C00000000201800002024000020340000209D
:10274C0080B582B000AFFB1D00221A7012E0FB1D99
:10275C001A780D4B9200D058FB1D1A780B4B520077
:10276C00D35A0122190001F00AFBFB1D1A78FB1D3C
:10277C0001321A70FB1D1B78052BE8D901231800B8
:10278C00BD4602B080BDC0460000002018000020ED
:10279C0090B583B000AF0E4B1B68DA680C4B1B680E
:1027AC0001210A43DA60FC1D094B0021180000F0DE
:1027BC00AEFE03002370FB1D1B78002B01D0FFF72E
:1027CC0047FFFB1D1B781800BD4603B090BDC046EB
:1027DC008804002090B583B000AF0E4B1B68DA68FC
:1027EC000C4B1B6801210A43DA60FC1D094B0021CC
:1027FC00180000F08CFE03002370FB1D1B78002BCF
:10280C0001D0FFF725FFFB1D1B781800BD4603B058
:10281C0090BDC046CC03002090B583B000AF0E4BEA
:10282C001B68DA680C4B1B6801210A43DA60FC1D3B
:10283C00094B0021180000F06AFE03002370FB1DF9
:10284C001B78002B01D0FFF703FFFB1D1B78180032
:10285C00BD4603B090BDC0461003002090B583B0B8
:10286C0000AFFC1D094B0021180000F06CFE0300AA
:10287C002370FB1D1B78002B01D0FFF7E9FEFB1D1D
:10288C001B781800BD4603B090BDC0461003002055
:10289C0080B582B000AF78607B6800221A707B68CC
:1028AC0000229A707B6809225A707B680322DA70C6
:1028BC007B6801221A717B6800225A717B686E2238
:1028CC00012199547B6800225A667B6800229A6623
:1028DC007B6800221A727B6800225A727B68002285
:1028EC009A727B680022DA727B6800225A617B68DC
:1028FC0000229A617B684022002199547B68412216
:10290C00002199547B684222002199547B68432210
:10291C00002199547B680022DA647B6800221A65D6
:10292C007B683822002199547B680022DA637B682B
:10293C008022002199547B688222074999527B6836
:10294C008422002199547B688622C8219952012344
:10295C001800BD4602B080BDC409000080B582B02D
:10296C0000AF78600A00FB1C1A707B681B78DAB227
:10297C007B685A707B68FA1C12781A700123180055
:10298C00BD4602B080BD000080B582B000AF020031
:10299C00FB1D1A70FB1D1B78002B06D00A4B012265
:1029AC000421180001F0EBF909E0FB1D1B78002B4A
:1029BC0005D1054B00220421180001F0E0F9012398
:1029CC001800BD4602B080BD0004005080B500AFB9
:1029DC000749084B0122180002F0CEFE0649054BB0
:1029EC000122180002F0B6FF01231800BD4680BD7D
:1029FC008C06002080000020A0060020B0B584B01A
:102A0C0000AF78600F257C1980231A02A023DB0508
:102A1C001100180001F096F9030023707B191B7844
:102A2C00002B0AD11B4B1B78002B1ED0194B1B788B
:102A3C00013BDAB2174B1A7017E0164B1B780E2BB2
:102A4C0013D0154B1B78042B09D1124B1B78013377
:102A5C00DAB2104B1A70104B00221A7005E00E4BB4
:102A6C001B780133DAB20C4B1A700A4B1B78002B13
:102A7C0003D17B6801221A7006E0064B1B780E2BE3
:102A8C0002D17B6800221A7001231800BD4604B0E5
:102A9C00B0BDC0463C000020F406002080B500AF5D
:102AAC00064B0821180003F0E7FE044B1B68044A90
:102ABC00DA6301231800BD4680BDC04654020020D5
:102ACC00FFFF000090B58DB000AF040008001100AE
:102ADC00FB1D221C1A70BB1D021C1A707B1D0A1CCC
:102AEC001A7008203B18802252005A623B18202290
:102AFC000121995401007B188022D205DA617B18E0
:102B0C00802212065A617B1800229A617B180022DF
:102B1C00DA707B18FA1D12781A707B18BA1D1278AD
:102B2C005A707B187A1D12789A707B1800225A60A2
:102B3C007918074B0122180002F05AFF031E01D02E
:102B4C00FFF786FD01231800BD460DB090BDC046B1
:102B5C008000002080B500AF80235A000B4B110081
:102B6C00180003F085F80A4B0022DA63084B382270
:102B7C000021995480239B0006480022190001F083
:102B8C00FEF801231800BD4680BDC0468000002021
:102B9C006C0600200004005080B500AF064B0021ED
:102BAC00180003F069FE044B1B68044A5A630123A6
:102BBC001800BD4680BDC0465402002010270000FE
:102BCC0080B500AF054B1B6800225A63034B1B6892
:102BDC000022DA6301231800BD4680BD5402002098
:102BEC0080B500AF0A4B0021180003F045FE084BDE
:102BFC001B68084A5A63064B0821180003F03CFE78
:102C0C00034B1B68044ADA6301231800BD4680BDE0
:102C1C005402002088130000204E000080B500AF45
:102C2C00054B1B6800225A63034B1B680022DA63B6
:102C3C0001231800BD4680BD5402002080B500AFB2
:102C4C000C4B180003F0FEFA0A4B0821180003F095
:102C5C0013FE084B1B680022DA63064B0021180098
:102C6C0003F00AFE034B1B6800225A630123180071
:102C7C00BD4680BD5402002080B500AF114B18003A
:102C8C0003F0E0FA0F4B0021180003F0F5FD0D4B9B
:102C9C001B6800225A630B4B0421180003F0ECFD57
:102CAC00084B1B6800229A63064B0821180003F09E
:102CBC00E3FD044B1B680022DA6301231800BD46B8
:102CCC0080BDC046DC00002080B584B000AF364B20
:102CDC00FB60354BBB60354B7B60354BDB6B354A52
:102CEC00934259D0324BDB6BFA689A4207D380235C
:102CFC009B0031480122190001F041F846E02C4BB1
:102D0C00DB6BFA689A420ED2294BDA6BF968BB6816
:102D1C00CB189A4207D880239B0027480022190021
:102D2C0001F02DF832E0224BDA6BF968BB68CB1856
:102D3C009A4210D91E4BDA6BF968BB68C918FB684C
:102D4C00CB189A4207D880239B001B4801221900FC
:102D5C0001F015F81AE0164BDA6BF968BB68C91864
:102D6C00FB68CB189A4211D9114BDA6BF968BB6826
:102D7C00C918FB68C9187B68CB189A4206D88023FF
:102D8C009B000D480022190000F0F9FF084BDB6B8B
:102D9C005A1C074BDA6302E0054B0022DA6301236D
:102DAC001800BD4604B080BD204E0000409C0000C1
:102DBC006C060020A08601000004005080B500AF16
:102DCC00214B5B6F602B34D01F4B5B6F102B04D8E7
:102DDC001E4B1B681E4ADA6325E01B4B5B6F102BE6
:102DEC0008D9194B5B6F302B04D8184B1B68002289
:102DFC00DA6318E0144B5B6F302B08D9124B5B6F06
:102E0C00402B04D8114B1B68114ADA630BE00E4BB4
:102E1C005B6F402B07D90C4B5B6F602B03D80B4BB4
:102E2C001B680022DA63084B5B6F5A1C064B5A670F
:102E3C0006E0054B00225A67034B78220021995477
:102E4C0001231800BD4680BD6C06002054020020F2
:102E5C003075000080B582B000AF0F4B1A6C0E4B72
:102E6C0001210A431A640C4B1B6C012213407B603A
:102E7C007B68094BDA6B084B802149050A43DA63FE
:102E8C00054BDA6B80235B0513403B603B68C04607
:102E9C00BD4602B080BDC0460010024090B58FB058
:102EAC0000AF786010243B19180028231A00002169
:102EBC0007F0C6F97B681B68154A934224D13B196D
:102ECC00802292021A603B19802252005A623B19EE
:102EDC00180002F0B9F8031E01D0FFF7B9FB0D4B37
:102EEC00DA6D0C4B802109020A43DA65094BDA6B67
:102EFC00084B8021C9000A43DA63064BDA6B802346
:102F0C00DB001340FB60FB68C046BD460FB090BDB4
:102F1C00002800400010024080B582B000AF7860FD
:102F2C007B681B68094A93420BD1094BDA6D084B3D
:102F3C0008490A40DA65064BDA6B054B06490A402C
:102F4C00DA63C046BD4602B080BDC04600280040D2
:102F5C0000100240FF7FFFFFFFFBFFFF90B593B017
:102F6C0000AF786020243B19180028231A00002198
:102F7C0007F066F97B681B68444A93421DD13B19E4
:102F8C00802292031A603B1900221A623B19180026
:102F9C0002F05AF8031E01D0FFF75AFB3C4B1A6C97
:102FAC003B4B802109010A431A64394B1A6C80236C
:102FBC001B011340FB61FB6964E07B681B68354AAD
:102FCC0093420CD1324BDA6B314B02210A43DA6358
:102FDC002F4BDB6B02221340BB61BB6952E07B6859
:102FEC001B682D4A934216D1294B1A6C284B802111
:102FFC0009020A431A64264B1A6C80231B021340E5
:10300C007B617B6902220221132000F039FC132022
:10301C0000F04BFC36E07B681B68204A934216D1CB
:10302C001B4B1A6C1A4B802189020A431A64184BE9
:10303C001A6C80239B0213403B613B6902220221E4
:10304C00152000F01DFC152000F02FFC1AE07B6809
:10305C001B68134A934215D10D4B1A6C0C4B8021F3
:10306C00C9020A431A640A4B1A6C8023DB02134010
:10307C00FB60FB6800220021162000F001FC1620EA
:10308C0000F013FCC046BD4613B090BD002C0140AF
:10309C0000100240000400400020004000440140A9
:1030AC000048014090B58BB000AF786014243B19F8
:1030BC00180014231A00002107F0C2F87B681A6864
:1030CC008023DB059A422ED1194BDA6B184B012168
:1030DC000A43DA63164BDB6B012213403B613B69FD
:1030EC00134B5A6B124B01210A435A63104B5B6B07
:1030FC0001221340FB60FB6821007B1803221A603D
:10310C007B1802225A607B1801229A607B180022DD
:10311C00DA607B1802221A617A18A023DB051100F1
:10312C00180000F0ABFCC046BD460BB090BDC046CD
:10313C000010024090B58BB000AF786014243B199E
:10314C00180014231A00002107F07AF87B681B681A
:10315C003A4A934224D13A4B5A6B394B01210A43D8
:10316C005A63374B5B6B012213403B613B693B1944
:10317C00E022D2001A6021007B1802225A607B18D0
:10318C0000229A607B180022DA607B1802221A61F6
:10319C007A18A023DB051100180000F06FFC48E042
:1031AC007B681B68274A934243D1254B5A6B244BAF
:1031BC0002210A435A63224B5B6B02221340FB60D1
:1031CC00FB681F4B5A6B1E4B04210A435A631C4B62
:1031DC005B6B04221340BB60BB6814243B190122B7
:1031EC001A603B1902225A603B1900229A603B1963
:1031FC000022DA603B1901221A613B19124A1900AC
:10320C00100000F03BFC21007B1840221A607B1858
:10321C0002225A607B1800229A607B180022DA6026
:10322C007B1801221A617B18084A1900100000F063
:10323C0025FCC046BD460BB090BDC046002C0140DD
:10324C000010024000040040000400500008005030
:10325C0090B58BB000AF786014243B191800142380
:10326C001A00002106F0ECFF7B681B681F4A934292
:10327C0038D11F4BDA6B1E4B802189020A43DA636B
:10328C001B4BDA6B80239B0213403B613B69184B51
:10329C005A6B174B01210A435A63154B5B6B012286
:1032AC001340FB60FB6821007B180C221A607B1812
:1032BC0002225A607B1801229A607B180022DA6085
:1032CC007B1801221A617A18A023DB051100180063
:1032DC0000F0D4FB022202211C2000F0D1FA1C20A9
:1032EC0000F0E3FAC046BD460BB090BD0044004070
:1032FC000010024090B597B000AF78604423FB18E3
:10330C00180014231A00002106F09AFF1C243B1904
:10331C00180028231A00002106F092FF7B681B6816
:10332C003B4A934228D13B19802292001A603B19E8
:10333C0000225A613B19180001F086FE031E01D0D1
:10334C00FFF786F9334BDA6B324B802109060A43BF
:10335C00DA63304BDB6BDB0FDB07BB61BB692D4BDF
:10336C005A6B2C4B02210A435A632A4B5B6B022289
:10337C0013407B617B6946E07B681B68264A93425D
:10338C0041D11C217B188022D2001A607B180022AC
:10339C009A617B18180001F057FE031E01D0FFF74D
:1033AC0057F91C4BDA6B1B4B8021C9050A43DA63B6
:1033BC00184BDA6B8023DB0513403B613B69154BE3
:1033CC005A6B144B01210A435A63124B5B6B01225B
:1033DC001340FB60FB6844217B18802252001A606A
:1033EC007B1802225A607B1800229A607B180022FC
:1033FC00DA607B1805221A617A18A023DB0511000C
:10340C00180000F03BFBC046BD4617B090BDC0464F
:10341C00007C0040001002400094004080B500AFDA
:10342C00C046FDE780B500AFC046FDE780B500AFF4
:10343C00C046BD4680BD80B500AFC046BD4680BD10
:10344C0080B500AF00F030F9C046BD4680BD80B5F8
:10345C0000AF022000F0B0FCC046BD4680BD0000AD
:10346C0080B500AF034B180004F0CAFFC046BD4640
:10347C0080BDC046A005002080B500AF80231B0294
:10348C00180000F099FCC046BD4680BD80B500AF69
:10349C00034B180003F028FCC046BD4680BDC04657
:1034AC001003002080B500AF034B180003F01CFC88
:1034BC00C046BD4680BDC046CC03002080B500AFE1
:1034CC00034B180003F010FCC046BD4680BDC0463F
:1034DC008804002080B500AF034B180002F068FC94
:1034EC00C046BD4680BDC0468000002080B500AF00
:1034FC00034B180000F0C0FDC046BD4680BDC04661
:10350C004405002080B500AFC046BD4680BDB0B5B7
:10351C0084B000AF786039600F257C193A687B68FD
:10352C001100180002F048FF030023707B191B7870
:10353C00002B01D0FFF78CF80F23FB181B78180019
:10354C00BD4604B0B0BDB0B584B000AF7860396092
:10355C000F257C193A687B681100180003F050F8AD
:10356C00030023707B191B78002B01D0FFF770F838
:10357C000F23FB181B781800BD4604B0B0BD00002B
:10358C000D488546FFF7BEFF0C480D490D4A002338
:10359C0002E0D458C4500433C4188C42F9D30A4AFC
:1035AC000A4C002301E013600432A242FBD306F064
:1035BC004FFEFDF7F1FEFEE700200020000000208A
:1035CC004C0000202CA7000850000020FC06002016
:1035DC00FEE7000080B582B000AFFB1D00221A7020
:1035EC000B4B1A680A4B802149000A431A600020D1
:1035FC0000F010F8031E03D0FB1D01221A7001E02D
:10360C00FFF728FCFB1D1B781800BD4602B080BDDF
:10361C000020024090B585B000AF78600F23FB18F6
:10362C0000221A701D4B1B78002B2BD01C4B1C68D6
:10363C001A4B1B781900FA239800FCF75DFD030068
:10364C0019002000FCF758FD0300180000F03DF9AC
:10365C00031E12D17B68032B0AD8796801235B42C5
:10366C000022180000F00CF90E4B7A681A600DE07D
:10367C000F23FB1801221A7008E00F23FB180122FC
:10368C001A7003E00F23FB1801221A700F23FB188A
:10369C001B781800BD4605B090BDC0464800002000
:1036AC00400000204400002080B500AF054B1B7883
:1036BC001A00054B1B68D218034B1A60C046BD4656
:1036CC0080BDC04648000020F806002080B500AF41
:1036DC00024B1B681800BD4680BDC046F806002092
:1036EC0080B584B000AF7860FFF7F0FF0300BB60DB
:1036FC007B68FB60FB68013305D00A4B1B781A0012
:10370C00FB689B18FB60C046FFF7E0FF0200BB683C
:10371C00D31AFA689A42F7D8C046C046BD4604B0E0
:10372C0080BDC0464800002080B582B000AF0200CA
:10373C00FB1D1A70FB1D1B787F2B09D8FB1D1B78FA
:10374C001A001F231A40044B012191400A001A60F1
:10375C00C046BD4602B080BD00E100E090B583B02C
:10376C0000AF02003960FB1D1A70FB1D1B787F2B0C
:10377C0028D82F4AFB1D1B785BB29B08C0339B00DB
:10378C009B58FA1D1278110003220A40D200FF2127
:10379C0091400A00D2431A4011003B689B01FF2262
:1037AC001A40FB1D1B78180003230340DB009A40D2
:1037BC001F48FB1D1B785BB29B080A43C0339B0060
:1037CC001A5031E01B4AFB1D1B7819000F230B40CC
:1037DC00083B9B0806339B00D31804331B68FA1D67
:1037EC001278110003220A40D200FF2191400A00F6
:1037FC00D2431A4011003B689B01FF221A40FB1D6B
:10380C001B78180003230340DB009A400948FB1D7A
:10381C001B781C000F232340083B9B080A430633EC
:10382C009B00C31804331A60C046BD4603B090BD5C
:10383C0000E100E000ED00E080B582B000AF786000
:10384C007B685A1E80235B049A4201D3012310E04B
:10385C000A4B7A68013A5A6001235B420321180033
:10386C00FFF77CFF054B00229A60044B07221A607D
:10387C0000231800BD4602B080BDC04610E000E039
:10388C0080B584B000AFB9607A600F217B18021C40
:10389C001A70BA687B181B785BB211001800FFF71E
:1038AC005DFFC046BD4604B080BD80B582B000AFA0
:1038BC000200FB1D1A70FB1D1B785BB21800FFF792
:1038CC0033FFC046BD4602B080BD80B582B000AFAC
:1038DC0078607B681800FFF7AFFF03001800BD4647
:1038EC0002B080BD80B582B000AF78607B68002BE1
:1038FC0001D1012350E07B6825229B5CDBB2022BBB
:10390C0008D07B680422DA637B6824220021995456
:10391C00012341E07B681B681A687B681B680E21D9
:10392C008A431A607B685B6C1A687B685B6C1C4909
:10393C000A401A607B681B681A687B681B68012147
:10394C008A431A60174B59687B681B6C1C22134006
:10395C0001229A40134B0A435A607B689B6C7A682D
:10396C00D26C5A607B681B6D002B0CD07B681B6D76
:10397C001A687B681B6D0A490A401A607B685B6D8C
:10398C007A68926D5A607B682522012199547B6874
:10399C0024220021995400231800BD4602B080BD9A
:1039AC00FFFEFFFF0000024080B584B000AF7860DE
:1039BC000F217B1800221A707B6825229B5CDBB2DE
:1039CC00022B06D07B680422DA637B1801221A7062
:1039DC0049E07B681B681A687B681B680E218A4368
:1039EC001A607B681B681A687B681B6801218A4314
:1039FC001A607B685B6C1A687B685B6C1D490A40BB
:103A0C001A601D4B59687B681B6C1C2213400122E9
:103A1C009A40194B0A435A607B689B6C7A68D26C4B
:103A2C005A607B681B6D002B0CD07B681B6D1A6871
:103A3C007B681B6D0F490A401A607B685B6D7A6866
:103A4C00926D5A607B682522012199547B6824224F
:103A5C00002199547B689B6B002B04D07B689B6B7B
:103A6C007A68100098470F23FB181B781800BD4686
:103A7C0004B080BDFFFEFFFF0000024080B586B0A1
:103A8C0000AF7860396000237B6147E13B681B68BD
:103A9C0001217A6991400A001340FB60FB68002BFE
:103AAC0000D138E13B685B6803221340012B05D041
:103ABC003B685B6803221340022B30D17B689B6808
:103ACC003B617B695B0003229A401300DA433B693C
:103ADC0013403B613B68DA687B695B009A401300DA
:103AEC003A6913433B617B683A699A607B685B680F
:103AFC003B6101227B699A401300DA433B69134016
:103B0C003B613B685B681B0901221A407B699A4048
:103B1C0013003A6913433B617B683A695A603B680E
:103B2C005B6803221340032B17D07B68DB683B6177
:103B3C007B695B0003229A401300DA433B69134014
:103B4C003B613B689A687B695B009A4013003A6959
:103B5C0013433B617B683A69DA603B685B6803221C
:103B6C001340022B23D17B69DA087B680832920060
:103B7C00D3583B617B69072213409B000F229A406C
:103B8C001300DA433B6913403B613B681A697B695C
:103B9C0007210B409B009A4013003A6913433B6189
:103BAC007B69DA087B68083292003969D1507B68EE
:103BBC001B683B617B695B0003229A401300DA436C
:103BCC003B6913403B613B685B6803221A407B698D
:103BDC005B009A4013003A6913433B617B683A6976
:103BEC001A603B685A68C0239B02134000D192E0D4
:103BFC00504A7B699B0818339B009B583B617B693F
:103C0C0003221340DB000F229A401300DA433B6976
:103C1C0013403B617A68A023DB059A4213D07B6882
:103C2C00454A93420DD07B68444A934207D07B6847
:103C3C00434A934201D1032306E0052304E0022307
:103C4C0002E0012300E000237A6903210A40D2003C
:103C5C0093403A6913433B6136497B699B0818339F
:103C6C009B003A695A50334B1B683B61FB68DA4343
:103C7C003B6913403B613B685A6880235B031340EC
:103C8C0003D03A69FB6813433B612A4B3A691A60CB
:103C9C00284B5B683B61FB68DA433B6913403B6133
:103CAC003B685A6880239B03134003D03A69FB6836
:103CBC0013433B611F4B3A695A601E4A8423D35805
:103CCC003B61FB68DA433B6913403B613B685A68D4
:103CDC0080239B02134003D03A69FB6813433B617A
:103CEC00144984223B698B50124A8023D3583B6180
:103CFC00FB68DA433B6913403B613B685A6880239D
:103D0C005B02134003D03A69FB6813433B610949DA
:103D1C0080223B698B507B6901337B613B681A685D
:103D2C007B69DA40131E00D0B0E6C046C046BD46E3
:103D3C0006B080BD0018024000040050000800507E
:103D4C00000C005080B584B000AF78600A00BB1C3A
:103D5C001A807B681B69BA1C1288134004D00F238D
:103D6C00FB1801221A7003E00F23FB1800221A70B3
:103D7C000F23FB181B781800BD4604B080BD80B51E
:103D8C0082B000AF786008001100BB1C021C1A80C6
:103D9C007B1C0A1C1A707B1C1B78002B04D0BB1CD0
:103DAC001A887B689A6103E0BB1C1A887B689A624C
:103DBC00C046BD4602B080BD80B582B000AF0200E7
:103DCC00BB1D1A80094BDB68BA1D1288134008D042
:103DDC00064BBA1D1288DA60BB1D1B881800FDF754
:103DEC003BFAC046BD4602B080BDC046001802403A
:103DFC0080B584B000AF78607B68002B01D10123C3
:103E0C0097E07B6836229B5CDBB2002B13D17B687E
:103E1C003522002199547B68180000F08FFA7B68DA
:103E2C009B6B002B02D17B68444A9A637B689B6B2B
:103E3C007A68100098477B683622022199547B6877
:103E4C001B68DB68FB607B685B68012B05D07B68BB
:103E5C009A6A80231B049A4203D1FB681E22934367
:103E6C00FB607B685B69364A934203D0FB68354A3A
:103E7C001340FB60FB68344A1340FB607B685A6854
:103E8C007B689B681A437B681B6A1A437B685B6A76
:103E9C001A437B689B6A1343FA681343FB607B6885
:103EAC005B68002B07D17B68DA697B681B6913435D
:103EBC00FA681343FB607B685B68012B05D07B6859
:103ECC009A6A80231B049A4207D17B68DA687B6864
:103EDC001B691343FA681343FB607B685B69184AE0
:103EEC0093420AD07B685A697B689B691A437B684A
:103EFC00DB691343FA681343FB607B681B68FA6841
:103F0C00DA607B681B68114A934208D17B68D96AD6
:103F1C007B681A6B7B681B680A435A6204E07B68F7
:103F2C001B687A68D26A5A627B68362201219954DE
:103F3C0000231800BD4604B080BDC0460133000804
:103F4C00FFFF00003F1FFFFFFEF119FF007C004048
:103F5C0080B584B000AFF860B9607A60FB68362237
:103F6C0002219954FB681B68DA68FB681B68802186
:103F7C0049030A43DA60FB681B681A69FB681B6813
:103F8C0001210A431A61FB681B6810225A60FB6806
:103F9C001B68BA689A61FB681021180000F0FAF9E6
:103FAC000300032B01D1032360E0FB681B6808228C
:103FBC005A60FB681B687A685A61FB680821180014
:103FCC0000F0E8F90300032B01D103234EE0FB685A
:103FDC00180000F017FAFB68180000F0A3F90300B2
:103FEC00032B01D1032341E0FB681B689A68FB6833
:103FFC001B6810210A439A60FB681B689A68FB686F
:10400C001B6808210A439A60FB681B689A68FB6866
:10401C001B6802210A439A60FB681B689A68FB685C
:10402C001B6801210A439A60FB685B69114A934241
:10403C0007D0FB681B689A68FB681B6804210A435D
:10404C009A60FB681B681A69FB681B6801210A43AC
:10405C001A61FB681B681A69FB681B6802210A431A
:10406C001A61FB6836220121995400231800BD46C1
:10407C0004B080BDFFFF000080B582B000AF786057
:10408C007B681B681B6801221340012B0FD17B68D6
:10409C001B689B6801221340012B08D17B681B68AD
:1040AC0001225A607B681B6C7A68100098477B6809
:1040BC001B681B6802221340022B0FD17B681B6804
:1040CC009B6802221340022B08D17B681B680222DA
:1040DC005A607B685B6C7A68100098477B681B6839
:1040EC001B6804221340042B0FD17B681B689B6850
:1040FC0004221340042B08D17B681B6804225A60ED
:10410C007B689B6C7A68100098477B681B681B68FF
:10411C0008221340082B0FD17B681B689B68082270
:10412C001340082B08D17B681B6808225A607B68F7
:10413C00DB6C7A68100098477B681B681B68102240
:10414C001340102B0FD17B681B689B681022134007
:10415C00102B08D17B681B6810225A607B681B6D82
:10416C007A68100098477B681B681B6820221340F4
:10417C00202B0FD17B681B689B6820221340202BBF
:10418C0008D17B681B6820225A607B685B6D7A685B
:10419C00100098477B681B681B6840221340402B1B
:1041AC000FD17B681B689B6840221340402B08D1C1
:1041BC007B681B6840225A607B689B6D7A68100094
:1041CC009847C046BD4602B080BD80B582B000AFF6
:1041DC007860C046BD4602B080BD80B582B000AFED
:1041EC007860C046BD4602B080BD80B582B000AFDD
:1041FC007860C046BD4602B080BD80B582B000AFCD
:10420C007860C046BD4602B080BD80B582B000AFBC
:10421C007860C046BD4602B080BD80B582B000AFAC
:10422C007860C046BD4602B080BD80B582B000AF9C
:10423C007860C046BD4602B080BD000080B586B037
:10424C0000AFF8607A600B23FB180A1C1A70172356
:10425C00FB1800221A707B68002B01D101235AE055
:10426C00FB6836229B5CDBB2012B32D10B23FB1893
:10427C001B78082B28D89A00294BD3181B689F460B
:10428C00FB687A689A6343E0FB687A68DA633FE01C
:10429C00FB687A681A643BE0FB687A685A6437E01A
:1042AC00FB687A689A6433E0FB687A68DA642FE01A
:1042BC00FB687A681A652BE0FB687A685A6527E018
:1042CC00FB687A689A6523E01723FB1801221A70A1
:1042DC001EE0FB6836229B5CDBB2002B14D10B2357
:1042EC00FB181B78002B02D0012B04D007E0FB68D5
:1042FC007A689A630CE0FB687A68DA6308E0172343
:10430C00FB1801221A7003E01723FB1801221A7004
:10431C001723FB181B781800BD4606B080BDC0469D
:10432C001CA5000880B582B000AF78607B6836228F
:10433C009B5CDBB21800BD4602B080BD80B582B07C
:10434C0000AF78607B680C4A1A647B680B4A5A642D
:10435C007B680B4A9A647B680A4ADA647B680A4A6F
:10436C001A657B68094A5A657B68094A9A65C04692
:10437C00BD4602B080BDC046D7410008E7410008E9
:10438C00F7410008074200081742000827420008BE
:10439C003742000880B584B000AF786039600F23D5
:1043AC00FB1800221A70154B1B6815491800FBF7F7
:1043BC00A3FE03001A0013005B019B1A9B009B18C1
:1043CC00DB00BB60BB68013BBB60BB68002B03D14F
:1043DC000F23FB1803221A707B681B681B683A6852
:1043EC0013403A689A4202D0BB68002BEAD10F23E3
:1043FC00FB181B781800BD4604B080BD400000209F
:10440C00204E000080B58CB000AF78600023FB62BA
:10441C00EFF31083FB60FB68BB6201233B613B69DC
:10442C0083F31088C0467B681B68724A934203D0A2
:10443C00714A934207D00DE0704B5A6DC0231B0399
:10444C001340FB6206E06D4B5A6DC0239B03134077
:10445C00FB62C0467B681B689B687B627B681B6841
:10446C00DB683B627B681B685B69FB617B681B6874
:10447C009B69BB617B681B685B6A7B617B681B68A3
:10448C005C4A934203D05C4A93420ED01BE05B4BD8
:10449C00DA6A5A4B802109060A43DA62574BDA6A08
:1044AC00564B52005208DA620DE0544BDA6A534B09
:1044BC008021C9050A43DA62504BDA6A4F4B5049E6
:1044CC000A40DA62C046FB69002B03D1BB69002BA2
:1044DC0000D171E07B681B68464A934203D0464A80
:1044EC00934207D00DE0454B5A6D444B45490A4069
:1044FC005A6506E0414B5A6D404B43490A405A6598
:10450C00C046FB69002B1BD07B681B681A697B6853
:10451C001B6801210A431A617B681B68FA695A619E
:10452C007B6808211800FFF735FF0300032B03D12C
:10453C007B683622032199547B681B6808225A60D9
:10454C00BB69002B1BD07B681B681A697B681B68D6
:10455C0001210A431A617B681B68BA699A617B68FE
:10456C0010211800FFF716FF0300032B03D17B6803
:10457C003622032199547B681B6810225A607B6891
:10458C001B681C4A934203D01B4A93420AD013E087
:10459C001A4B5B6D1B4A13401900184BFA6A0A43FD
:1045AC005A6509E0154B5B6D174A13401900134B04
:1045BC00FA6A0A435A65C0467B681B681A697B68AD
:1045CC001B6801218A431A617B681B687A6A9A60AE
:1045DC007B681B683A6ADA607B681B687A695A6286
:1045EC00BB6ABB60BB6883F31088C046C046BD463F
:1045FC000CB080BD007C00400094004000100240D4
:10460C00FFFFFFBFFFFFF3FFFFFFCFFF80B500AF42
:10461C00044B1A68034B802149000A431A60C046B8
:10462C00BD4680BD0070004080B584B000AF78609E
:10463C00194B1B68194A13401900174B7A680A4327
:10464C001A607A6880239B009A421FD1144B1A6817
:10465C0013005B009B185B0012491800FBF74CFD24
:10466C0003000133FB6008E0FB68002B03D0FB6800
:10467C00013BFB6001E0032309E0074B5A698023EF
:10468C00DB001A408023DB009A42EDD00023180097
:10469C00BD4604B080BDC04600700040FFF9FFFF6E
:1046AC004000002040420F0080B500AF034B9A68D9
:1046BC00E023DB0113401800BD4680BD0010024012
:1046CC0080B588B000AF78607B68002B01D10123E6
:1046DC00FEE27B681B680122134000D17CE0C34BD7
:1046EC009B6838221340BB61C04BDB68032213402C
:1046FC007B61BB69102B02D17B69032B02D0BB6998
:10470C00082B0BD1B94B1A6880239B02134062D043
:10471C007B685B68002B5ED10123D9E27B685A6809
:10472C0080235B029A4207D1B04B1A68AF4B8021B1
:10473C0049020A431A6020E07B685A68A023DB0216
:10474C009A420ED1A94B1A68A84B8021C9020A4380
:10475C001A60A64B1A68A54B802149020A431A60BD
:10476C000BE0A24B1A68A14BA1490A401A609F4B5F
:10477C001A689E4B9F490A401A607B685B68002B45
:10478C0014D0FEF7A3FF03003B6108E0FEF79EFF89
:10479C0002003B69D31A642B01D9032398E2934B93
:1047AC001A6880239B021340F0D015E0FEF78EFFB1
:1047BC0003003B6108E0FEF789FF02003B69D31A56
:1047CC00642B01D9032383E2884B1A6880239B0254
:1047DC001340F0D100E0C0467B681B6802221340F6
:1047EC0000D199E0814B9B6838221340BB617F4B11
:1047FC00DB68032213407B61BB69102B02D17B6900
:10480C00022B02D0BB69002B35D1784B1A68802360
:10481C00DB00134005D07B68DB68002B01D1012342
:10482C0056E2724B5B68744A134019007B685B69F3
:10483C001A026E4B0A435A60BB69002B12D16B4BA8
:10484C001B686E4A134019007B681A69674B0A4350
:10485C001A60664B1B68DB0A07221340684ADA4071
:10486C00684B1A60684B1B681800FEF7D3FE031EDA
:10487C0051D001232CE27B68DB68002B30D05B4BE2
:10488C001B685E4A134019007B681A69574B0A4330
:10489C001A60564B1A68554B802149000A431A601E
:1048AC00FEF714FF03003B6108E0FEF70FFF020068
:1048BC003B69D31A022B01D9032309E24B4B1A682B
:1048CC008023DB001340F0D0484B5B684A4A13400E
:1048DC0019007B685B691A02444B0A435A601BE05F
:1048EC00424B1A68414B49490A401A60FEF7EEFEEA
:1048FC0003003B6108E0FEF7E9FE02003B69D31AB6
:10490C00022B01D90323E3E1384B1A688023DB0027
:10491C001340F0D100E0C0467B681B6808221340AE
:10492C0047D0324B9B6838221340182B0AD12F4B9F
:10493C001B6E022213403CD07B689B69002B38D144
:10494C000123C5E17B689B69002B19D0274B1A6E9C
:10495C00264B01210A431A66FEF7B8FE03003B61A1
:10496C0008E0FEF7B3FE02003B69D31A022B01D913
:10497C000323ADE11D4B1B6E02221340F1D018E056
:10498C001A4B1A6E194B01218A431A66FEF79EFECA
:10499C0003003B6108E0FEF799FE02003B69D31A65
:1049AC00022B01D9032393E1104B1B6E02221340FF
:1049BC00F1D17B681B680422134000D1C6E01F2391
:1049CC00FB1800221A70094B9B6838221340202BCD
:1049DC001ED1064BDB6D0222134000D1B6E07B6882
:1049EC009B68002B00D0B1E0012371E10010024064
:1049FC00FFFFFEFFFFFFFBFFFF80FFFFFFC7FFFF77
:104A0C000024F4004000002044000020FFFEFFFFC3
:104A1C00B14BDA6B80235B05134001D1012300E01D
:104A2C000023002B11D0AC4BDA6BAB4B802149052A
:104A3C000A43DA63A84BDA6B80235B051340FB60F7
:104A4C00FB681F23FB1801221A70A44B1A688023E1
:104A5C005B0013401AD1A14B1A68A04B802149006E
:104A6C000A431A60FEF732FE03003B6108E0FEF7D2
:104A7C002DFE02003B69D31A022B01D9032327E137
:104A8C00964B1A6880235B001340F0D07B689B68C0
:104A9C00012B06D1904BDA6D8F4B01210A43DA655D
:104AAC001CE07B689B68052B0CD18B4BDA6D8A4B19
:104ABC0004210A43DA65884BDA6D874B01210A43DE
:104ACC00DA650BE0844BDA6D834B01218A43DA659E
:104ADC00814BDA6D804B04218A43DA657B689B68D5
:104AEC00002B14D0FEF7F2FD03003B6109E0FEF74A
:104AFC00EDFD02003B69D31A794A934201D9032395
:104B0C00E6E0754BDB6D02221340F0D013E0FEF7AC
:104B1C00DDFD03003B6109E0FEF7D8FD02003B69B7
:104B2C00D31A6F4A934201D90323D1E06A4BDB6D50
:104B3C0002221340F0D11F23FB181B78012B05D147
:104B4C00654BDA6B644B67490A40DA637B68DB6957
:104B5C00002B00D1BBE0604B9B6838221340102B1C
:104B6C0000D17BE07B68DB69022B56D15A4B1A686B
:104B7C00594B5D490A401A60FEF7A8FD03003B61E2
:104B8C0008E0FEF7A3FD02003B69D31A022B01D902
:104B9C0003239DE0504B1A6880239B041340F0D1F3
:104BAC004D4BDB68514A134019007B681A6A7B68CD
:104BBC005B6A1A437B689B6A1B021A437B68DB6A3D
:104BCC001A437B681B6B1A437B685B6B1A43424B23
:104BDC000A43DA60404B1A683F4B802149040A4370
:104BEC001A603D4BDA683C4B802149050A43DA6078
:104BFC00FEF76CFD03003B6108E0FEF767FD020069
:104C0C003B69D31A022B01D9032361E0324B1A689A
:104C1C0080239B041340F0D059E02F4B1A682E4B85
:104C2C0031490A401A60FEF751FD03003B6108E070
:104C3C00FEF74CFD02003B69D31A022B01D903236A
:104C4C0046E0254B1A6880239B041340F0D1224B7D
:104C5C00DA68214B26490A40DA6038E07B68DB6968
:104C6C00012B01D1012333E01B4BDB687B617B699A
:104C7C0003221A407B681B6A9A4226D17B697022F8
:104C8C001A407B685B6A9A421FD17A69FE23DB016A
:104C9C001A407B689B6A1B029A4216D17A69F823E8
:104CAC009B031A407B68DB6A9A420ED17A69E02337
:104CBC001B051A407B681B6B9A4206D17B695B0F04
:104CCC005A077B685B6B9A4201D0012300E00023FA
:104CDC001800BD4608B080BD0010024000700040B6
:104CEC0088130000FFFFFFEFFFFFFFFE8C80C11158
:104CFC00FCFFFEEE80B584B000AF786039607B6855
:104D0C00002B01D10123E9E0764B1B6807221340ED
:104D1C003A689A421ED9734B1B68072293431900B9
:104D2C00704B3A680A431A60FEF7D0FC0300FB6034
:104D3C0009E0FEF7CBFC0200FB68D31A6A4A9342E7
:104D4C0001D90323CAE0674B1B68072213403A685A
:104D5C009A42EED17B681B680222134015D07B6807
:104D6C001B680422134006D0604B9A685F4BE0210D
:104D7C00C9010A439A605D4B9B685D4A1340190058
:104D8C007B689A68594B0A439A607B681B680122BE
:104D9C00134057D07B685B68012B07D1534B1A68C3
:104DAC0080239B0213402BD1012397E07B685B6827
:104DBC00022B07D14D4B1A6880239B0413401FD143
:104DCC0001238BE07B685B68002B07D1474B1A688B
:104DDC008023DB00134013D101237FE07B685B68E9
:104DEC00032B06D1414B1B6E0222134008D1012329
:104DFC0074E03E4BDB6D0222134001D101236DE0C8
:104E0C003A4B9B680722934319007B685A68374BCF
:104E1C000A439A60FEF75AFC0300FB6009E0FEF7B8
:104E2C0055FC0200FB68D31A2F4A934201D9032385
:104E3C0054E02E4B9B6838221A407B685B68DB0081
:104E4C009A42ECD1274B1B68072213403A689A42CE
:104E5C001ED2244B1B68072293431900214B3A683E
:104E6C000A431A60FEF732FC0300FB6009E0FEF710
:104E7C002DFC0200FB68D31A1B4A934201D9032371
:104E8C002CE0184B1B68072213403A689A42EED16B
:104E9C007B681B680422134009D0144B9B68154A8D
:104EAC00134019007B68DA68104B0A439A6000F0D3
:104EBC0029F801000D4B9B681B0A0F221A400E4B60
:104ECC009200D3581F2213400A00DA400B4B1A6091
:104EDC000B4B1B681800FEF79DFB03001800BD462A
:104EEC0004B080BD00200240881300000010024076
:104EFC00FFF0FFFFFF8FFFFFBCA400084000002065
:104F0C004400002080B586B000AF3C4B9B68382233
:104F1C0013400FD1394B1B68DB0A072213400122C7
:104F2C009A4013003B6039683548FBF7E5F80300FD
:104F3C003B615DE0314B9B6838221340082B02D15A
:104F4C00304B3B6154E02D4B9B6838221340102BA7
:104F5C0038D12A4BDB6803221340FB60274BDB68FC
:104F6C001B09072213400133BB60FB68032B0DD1D7
:104F7C00B9682448FBF7C0F8030019001F4BDB6825
:104F8C001B0A7F2213404B437B610DE0B9681C4820
:104F9C00FBF7B2F803001900184BDB681B0A7F22E1
:104FAC0013404B437B61C046144BDB685B0F0722FD
:104FBC00134001337B6079687869FBF79DF8030037
:104FCC003B6115E00D4B9B6838221340202B03D11D
:104FDC0080231B023B610BE0084B9B68382213407B
:104FEC00182B03D1FA23DB013B6101E000233B6169
:104FFC003B691800BD4606B080BDC046001002409B
:10500C000024F40000127A0080B500AF024B1B683C
:10501C001800BD4680BDC04640000020B0B500AFB2
:10502C00FFF7F2FF0400FFF73FFB03001A0B054BE1
:10503C009200D3581F221340DC4023001800BD46B9
:10504C00B0BDC046FCA4000880B586B000AF786047
:10505C001323FB1800221A701223FB1800221A705B
:10506C007B681A6880239B02134000D1A3E01120B7
:10507C003B1800221A70A54BDA6B80235B0513409A
:10508C0010D1A24BDA6BA14B802149050A43DA639C
:10509C009E4BDA6B80235B051340BB60BB683B18EF
:1050AC0001221A709A4B1A68994B802149000A43C5
:1050BC001A60FEF70BFB0300FB600BE0FEF706FB30
:1050CC000200FB68D31A022B04D91323FB1803220A
:1050DC001A7005E08E4B1A6880235B001340EDD0EC
:1050EC001323FB181B78002B54D1884BDA6DC0238B
:1050FC009B0013407B617B69002B19D07B685B6A3A
:10510C007A699A4214D0814BDB6D824A13407B61E1
:10511C007E4BDA6D7D4B802149020A43DA657B4B6D
:10512C00DA6D7A4B7C490A40DA65784B7A69DA6534
:10513C007B690122134016D0FEF7C8FA0300FB600E
:10514C000CE0FEF7C3FA0200FB68D31A734A9342D1
:10515C0004D91323FB1803221A7004E06B4BDB6D8C
:10516C0002221340EDD01323FB181B78002B0AD11D
:10517C00664BDB6D674A134019007B685A6A634BB8
:10518C000A43DA650CE01223FB181322BA181278C2
:10519C001A7005E01223FB181322BA1812781A7031
:1051AC001123FB181B78012B05D1584BDA6B574B8D
:1051BC005B490A40DA637B681B680122134009D003
:1051CC00524B5B6D0322934319007B685A684F4B1B
:1051DC000A435A657B681B681022134009D04B4B5D
:1051EC005B6D504A134019007B689A68474B0A4321
:1051FC005A657B681A6880239B00134009D0434B87
:10520C005B6D494A134019007B685A693F4B0A434E
:10521C005A657B681A688023DB00134009D03B4B2E
:10522C005B6D424A134019007B689A69374B0A43FD
:10523C005A657B681B682022134009D0334B5B6D89
:10524C003B4A134019007B68DA68304B0A435A65B5
:10525C007B681A688023DB01134015D02B4B5B6DE8
:10526C009B0099087B68DA69284B0A435A657B686E
:10527C00DA698023DB059A4206D1244BDA68234B8A
:10528C00802149020A43DA607B681A6880239B03F9
:10529C00134016D01D4B5B6D264A134019007B68DA
:1052AC001A6A1A4B0A435A657B681A6A8023DB0315
:1052BC009A4206D1154BDA68144B802149040A43F3
:1052CC00DA607B681A6880231B01134016D00F4BE1
:1052DC005B6D194A134019007B681A690B4B0A4322
:1052EC005A657B681A698023DB019A4206D1074B09
:1052FC00DA68064B802149020A43DA601223FB1854
:10530C001B781800BD4606B080BDC0460010024098
:10531C0000700040FFFCFFFFFFFFFEFF8813000042
:10532C00FFFFFFEFFFF3FFFFFFFFF3FFFFFFCFFFD9
:10533C00FFCFFFFFFFFFBFFFFF3FFFFFB0B584B004
:10534C0000AF78600F23FB1801221A707B68002BCA
:10535C0000D1B9E07B6829229B5CDBB2002B38D1F1
:10536C007B682822002199547B68882212025A609B
:10537C007B68594ADA627B68584A1A637B68584AD8
:10538C005A637B68574A9A637B68574ADA637B682F
:10539C00564A1A647B68564A5A647B68554A9A6422
:1053AC007B68554ADA647B68544A1A657B685B6D86
:1053BC00002B02D17B68524A5A657B685B6D7A6818
:1053CC00100098477B689B6D002B02D17B684D4A7F
:1053DC009A657B682922022199547B681B68DB68DB
:1053EC0010221340102B62D07B681B68CA225A62B1
:1053FC007B681B6853225A620F257C197B68180046
:10540C0000F044FD0300237028003B181B78002B90
:10541C002CD17B681B689A697B681B683A490A40E7
:10542C009A617B681B6899697B689A687B685B6981
:10543C001A437B68DB691A437B681B680A439A61D1
:10544C007B681B687A6812691A617B681B6819692A
:10545C007B68DB681A047B681B680A431A613C187A
:10546C007B68180000F054FD030023700F23FB1819
:10547C001B78002B16D17B681B689A697B681B68AC
:10548C00D200D2089A617B681B6899697B685A6A5A
:10549C007B681B6A1A437B689B691A437B681B6891
:1054AC000A439A617B681B68FF225A6203E00F2350
:1054BC00FB1800221A700F23FB181B78002B03D14A
:1054CC007B682922012199540F23FB181B781800A3
:1054DC00BD4604B0B0BDC0463D5E00081361000877
:1054EC002F6000083F60000823610008336100084A
:1054FC004361000853610008636100087361000890
:10550C00A92E0008252F0008BFFF8FFB80B586B0A1
:10551C0000AFF8607A600B23FB180A1C1A70172373
:10552C00FB1800221A707B68002B01D1012375E057
:10553C00FB6828229B5C012B01D102236EE0FB68E7
:10554C00282201219954FB6829229B5CDBB2012B98
:10555C003ED10B23FB181B780F2B34D89A00314B00
:10556C00D3181B689F46FB687A68DA624FE0FB68C9
:10557C007A681A634BE0FB687A685A6347E0FB6809
:10558C007A689A6343E0FB687A68DA633FE0FB6809
:10559C007A681A643BE0FB687A685A6437E0FB6807
:1055AC007A689A6433E0FB687A68DA642FE0FB6807
:1055BC007A681A652BE0FB687A685A6527E0FB6805
:1055CC007A689A6523E01723FB1801221A701EE0F3
:1055DC00FB6829229B5CDBB2002B14D10B23FB183C
:1055EC001B780E2B02D00F2B04D007E0FB687A68D7
:1055FC005A650CE0FB687A689A6508E01723FB187B
:10560C0001221A7003E01723FB1801221A70FB68A1
:10561C002822002199541723FB181B781800BD462B
:10562C0006B080BD40A50008B0B586B000AFF860EC
:10563C00B9607A60FB6828229B5C012B01D10223A4
:10564C0092E0FB68282201219954FB68292202214F
:10565C009954FB681B68CA225A62FB681B68532268
:10566C005A6213257C19FB68180000F00FFC03002C
:10567C0023707B191B78002B62D17B68002B25D102
:10568C00FB681B689B694022134002D1BB68002257
:10569C00DA70BB681B78180000F07EFC03001C0459
:1056AC00BB685B78180000F077FC03001B021C43FE
:1056BC00BB689B78180000F06FFC030022001A43B3
:1056CC00BB68DB789B0513437B6117E0FB681B68A9
:1056DC009B694022134002D1BB680022DA70BB6880
:1056EC001B781A04BB685B781B021343BA68927868
:1056FC001A43BB68DB789B0513437B61FB681B6813
:10570C007A691B490A401A60FB681B689A69FB6836
:10571C001B6818490A409A61FB681B689969BB6849
:10572C00DA68BB681B691A43FB681B680A439A61F9
:10573C001323FC18FB68180000F0EAFB030023702D
:10574C00FB681B68FF225A621323FB181B78002B83
:10575C0003D1FB68292201219954FB6828220021DE
:10576C0099541323FB181B781800BD4606B0B0BD26
:10577C007F7F7F00FFFFFBFF80B586B000AFF86036
:10578C00B9607A60FB681B689A68BB685A60FB68F2
:10579C001B681B695B045A0CBB689A60FB681B682E
:1057AC001B68224A13407B617B691B0CDBB23F22D6
:1057BC001340DAB2BB681A707B691B0ADBB27F221A
:1057CC001340DAB2BB685A707B69DBB27F2213409C
:1057DC00DAB2BB689A707B699B0DDBB20122134075
:1057EC00DAB2BB68DA707B68002B1AD1BB681B7805
:1057FC00180000F0F9FB03001A00BB681A70BB68B4
:10580C005B78180000F0F0FB03001A00BB685A70BC
:10581C00BB689B78180000F0E7FB03001A00BB681C
:10582C009A7000231800BD4606B080BD7F7F7F00B4
:10583C00B0B586B000AFF860B9607A60FB6828221A
:10584C009B5C012B01D102237EE0FB682822012105
:10585C009954FB682922022199547B68002B0ED1A4
:10586C00BB685B781A001023134008D0BB685B78C8
:10587C0010229343DBB20A33DAB2BB685A707B68EE
:10588C00002B1CD1BB68DB78180000F085FB0300F3
:10589C001C04BB685B78180000F07EFB03001B0245
:1058AC001C43BB689B78180000F076FB03002200B9
:1058BC001A43BB681B785B0313437B610EE0BB6828
:1058CC00DB781A04BB685B781B021343BA689278C6
:1058DC001A43BB681B785B0313437B61FB681B6833
:1058EC00CA225A62FB681B6853225A6213257C1920
:1058FC00FB68180000F0CAFA0300237028003B185C
:10590C001B78002B0CD1FB681B687A6910490A4084
:10591C005A603C18FB68180000F0FAFA0300237078
:10592C00FB681B68FF225A621323FB181B78002BA1
:10593C0003D1FB68292201219954FB6828220021FC
:10594C0099541323FB181B781800BD4606B0B0BD44
:10595C003FFFFF0080B586B000AFF860B9607A6099
:10596C00FB681B685B68214A13407B617B691B0CDD
:10597C00DAB2BB68DA707B691B0ADBB21F221340F8
:10598C00DAB2BB685A707B69DBB23F221340DAB2E1
:10599C00BB689A707B695B0BDBB207221340DAB2EF
:1059AC00BB681A707B68002B1AD1BB68DB781800B7
:1059BC0000F01AFB03001A00BB68DA70BB685B7856
:1059CC00180000F011FB03001A00BB685A70BB688A
:1059DC009B78180000F008FB03001A00BB689A7053
:1059EC0000231800BD4606B080BDC0463FFFFF0037
:1059FC0090B589B000AFF860B9607A60FB68282276
:105A0C009B5C012B01D1022327E1FB682822012199
:105A1C009954FB682922022199547B68002B36D1BA
:105A2C00FB681B689B694022134002D1BB680022B3
:105A3C00DA70BB681B78180000F0AEFA03001C0487
:105A4C00BB685B78180000F0A7FA03001B021C432C
:105A5C00BB689B78180000F09FFA030022001A43E1
:105A6C00BB68DB789B051A431400BB6820229B5C47
:105A7C00180000F091FA03001B0622001A43BB68C1
:105A8C00DB691A43BB685B691343FB6122E0FB686B
:105A9C001B689B694022134002D1BB680022DA705C
:105AAC00BB681B781A04BB685B781B021343BA688B
:105ABC0092781A43BB68DB789B051A43BB6820219C
:105ACC005B5C1B061A43BB68DB691A43BB685B69EA
:105ADC001343FB61BB685A68BB689B691343BB618A
:105AEC00FB681B68CA225A62FB681B6853225A6205
:105AFC00BB685A6A80235B009A424CD1FB681B68D6
:105B0C009A69FB681B6857490A409A61FB681B68D5
:105B1C00DA6DFB681B6801210A43DA65FDF7D6FDD7
:105B2C0003007B6116E0FDF7D1FD02007B69D21A00
:105B3C00FA239B009A420DD9FB681B68FF225A621C
:105B4C00FB68292203219954FB68282200219954CF
:105B5C00032382E0FB681B68DB6801221340E2D060
:105B6C00FB681B68FA691A64FB681B68BA695A649B
:105B7C00FB681B689A69FB681B68802149000A4313
:105B8C009A61FB681B689A69FB681B688021490154
:105B9C000A439A614BE0FB681B689A69FB681B68B7
:105BAC0031490A409A61FB681B68DA6DFB681B6817
:105BBC0002210A43DA65FDF789FD03007B6116E0DB
:105BCC00FDF784FD02007B69D21AFA239B009A42EE
:105BDC000DD9FB681B68FF225A62FB68292203213E
:105BEC009954FB68282200219954032335E0FB6863
:105BFC001B68DB6802221340E2D0FB681B68FA6961
:105C0C009A64FB681B68BA69DA64FB681B689A695A
:105C1C00FB681B68802189000A439A61FB681B683A
:105C2C009A69FB681B68802189010A439A610F4AB3
:105C3C008023D3580D4980221203134380228B50AA
:105C4C00FB681B68FF225A62FB68292201219954C8
:105C5C00FB6828220021995400231800BD4609B086
:105C6C0090BDC046FFFEFFFFFFFDFFFF0018024086
:105C7C0080B584B000AF786039607B6828229B5C6B
:105C8C00012B01D1022386E07B6828220121995443
:105C9C007B682922022199547B681B68CA225A62AC
:105CAC007B681B6853225A623A6880235B009A42D5
:105CBC0032D17B681B689A697B681B6838490A403B
:105CCC009A617B681B689A697B681B6835490A4036
:105CDC009A61FDF7FBFC0300FB6016E0FDF7F6FC98
:105CEC000200FB68D21AFA239B009A420DD97B68FA
:105CFC001B68FF225A627B682922032199547B6816
:105D0C00282200219954032345E07B681B68DB683B
:105D1C0001221340E2D031E07B681B689A697B68F2
:105D2C001B6821490A409A617B681B689A697B68E9
:105D3C001B681E490A409A61FDF7C8FC0300FB6012
:105D4C0016E0FDF7C3FC0200FB68D21AFA239B0095
:105D5C009A420DD97B681B68FF225A627B68292204
:105D6C00032199547B68282200219954032312E0C3
:105D7C007B681B68DB6802221340E2D07B681B68DF
:105D8C00FF225A627B682922012199547B682822C0
:105D9C000021995400231800BD4604B080BDC046B4
:105DAC00FFFEFFFFFFEFFFFFFFFDFFFFFFDFFFFF2A
:105DBC0080B582B000AF78607B681B689A698023DD
:105DCC005B01134012D07B681B681B6D01221340D2
:105DDC000CD07B681B68DA6D7B681B6801210A4359
:105DEC00DA657B68DB6A7A68100098477B681B6809
:105DFC009A6980239B01134012D07B681B681B6D32
:105E0C00022213400CD07B681B68DA6D7B681B6820
:105E1C0002210A43DA657B681B6B7A68100098478D
:105E2C007B68292201219954C046BD4602B080BD31
:105E3C0080B582B000AF7860C046BD4602B080BD70
:105E4C0080B584B000AF78607B681B680E4ADA605E
:105E5C00FDF73CFC0300FB600AE0FDF737FC020099
:105E6C00FB68D21AFA239B009A4201D9032306E05D
:105E7C007B681B68DB6820221340EED000231800DF
:105E8C00BD4604B080BDC0465F00010080B584B043
:105E9C0000AF78600F23FB1800221A707B681B6818
:105EAC00DB68402213402CD17B681B68DA687B6866
:105EBC001B6880210A43DA60FDF708FC0300BB6015
:105ECC0014E0FDF703FC0200BB68D21A0F203B184C
:105EDC00391809781970FA239B009A4206D93B1895
:105EEC0003221A707B682922032199547B681B6852
:105EFC00DB684022134004D10F23FB181B78032BC3
:105F0C00DFD10F23FB181B781800BD4604B080BDF1
:105F1C0090B585B000AF78600F243B1900221A7041
:105F2C001C4BDA681B4B80218A43DA60194B9B6946
:105F3C00202213400DD17B681800FFF781FF031E50
:105F4C0021D07B682922032199543B1903221A7012
:105F5C0019E0104B9A690F4B20218A439A617B6898
:105F6C001800FFF76DFF031E07D07B682922032161
:105F7C0099540F23FB1803221A70064B9A69054B90
:105F8C0020210A439A610F23FB181B781800BD4689
:105F9C0005B090BD0028004080B584B000AF020071
:105FAC00FB1D1A700023FB600B23FB18FA1D1278E3
:105FBC001A7008E0FB680133FB600B22BB18BA189F
:105FCC0012780A3A1A700B217B181B78092BF1D81E
:105FDC00FB68DBB21B01DAB27B181B781343DBB214
:105FEC001800BD4604B080BD80B584B000AF02007F
:105FFC00FB1D1A70FB1D1B781B09DBB21A0013006A
:10600C009B009B185B00FB60FB68DAB2FB1D1B78E6
:10601C000F210B40DBB2D318DBB21800BD4604B025
:10602C0080BD80B582B000AF7860C046BD4602B07E
:10603C0080BD80B582B000AF7860C046BD4602B06E
:10604C0080BD80B586B000AFF860B9607A603B6007
:10605C00FB6828229B5C012B01D102234FE0FB68DB
:10606C00282201219954FB68292202219954FB68AA
:10607C001B68CA225A62FB681B6853225A62FB686F
:10608C001B68DA6880235B02134022D0FDF71EFBED
:10609C0003007B6116E0FDF719FB02007B69D21A45
:1060AC00FA239B009A420DD9FB681B68FF225A62A7
:1060BC00FB68292203219954FB682822002199545A
:1060CC0003231CE0FB681B68DA6880235B02134027
:1060DC00E1D1BA687B681A431100FB681B683A6807
:1060EC000A439A62FB681B68FF225A62FB682922EA
:1060FC0001219954FB68282200219954002318008F
:10610C00BD4606B080BD80B582B000AF7860C04699
:10611C00BD4602B080BD80B582B000AF7860C0468D
:10612C00BD4602B080BD80B582B000AF7860C0467D
:10613C00BD4602B080BD80B582B000AF7860C0466D
:10614C00BD4602B080BD80B582B000AF7860C0465D
:10615C00BD4602B080BD80B582B000AF7860C0464D
:10616C00BD4602B080BD80B582B000AF7860C0463D
:10617C00BD4602B080BD000080B582B000AF786033
:10618C007B68002B01D1012356E07B683D229B5C90
:10619C00DBB2002B13D17B683C22002199547B6825
:1061AC00180001F037FE7B68DB6C002B02D17B689A
:1061BC00234ADA647B68DB6C7A68100098477B684A
:1061CC003D22022199547B681A687B6804331900BC
:1061DC00100001F03FFA7B684822012199547B683A
:1061EC003E22012199547B683F22012199547B68FE
:1061FC004022012199547B684122012199547B68EA
:10620C004222012199547B684322012199547B68D5
:10621C004422012199547B684522012199547B68C1
:10622C004622012199547B684722012199547B68AD
:10623C003D220121995400231800BD4602B080BDB7
:10624C00692F000880B584B000AF78607B683D2270
:10625C009B5CDBB2012B01D0012335E07B683D2236
:10626C00022199547B681B68194A93420AD07B68B7
:10627C001A688023DB059A4204D07B681B68154A98
:10628C00934216D17B681B689B68134A1340FB60D2
:10629C00FB68062B16D0FA6880235B029A4211D059
:1062AC007B681B681A687B681B6801210A431A60AB
:1062BC0008E07B681B681A687B681B6801210A432D
:1062CC001A6000E0C04600231800BD4604B080BD33
:1062DC00002C0140000400400700010080B582B092
:1062EC0000AF78607B68002B01D1012356E07B68FE
:1062FC003D229B5CDBB2002B13D17B683C2200213E
:10630C0099547B68180001F085FD7B68DB6D002BD0
:10631C0002D17B68234ADA657B68DB6D7A681000F2
:10632C0098477B683D22022199547B681A687B68E8
:10633C0004331900100001F08DF97B68482201210B
:10634C0099547B683E22012199547B683F2201219C
:10635C0099547B684022012199547B684122012188
:10636C0099547B684222012199547B684322012174
:10637C0099547B684422012199547B684522012160
:10638C0099547B684622012199547B68472201214C
:10639C0099547B683D220121995400231800BD4675
:1063AC0002B080BDB563000880B582B000AF7860E4
:1063BC00C046BD4602B080BD80B584B000AF7860E9
:1063CC0039600F23FB1800221A703B68002B08D190
:1063DC007B683E229B5CDBB2013B5A1E9341DBB2D5
:1063EC0037E03B68042B08D17B683F229B5CDBB217
:1063FC00013B5A1E9341DBB22BE03B68082B08D1C2
:10640C007B6840229B5CDBB2013B5A1E9341DBB2A2
:10641C001FE03B680C2B08D17B6841229B5CDBB2F4
:10642C00013B5A1E9341DBB213E03B68102B08D1A1
:10643C007B6842229B5CDBB2013B5A1E9341DBB270
:10644C0007E07B6843229B5CDBB2013B5A1E934105
:10645C00DBB2002B01D00123C4E03B68002B04D13C
:10646C007B683E220221995423E03B68042B04D123
:10647C007B683F22022199541BE03B68082B04D116
:10648C007B6840220221995413E03B680C2B04D109
:10649C007B684122022199540BE03B68102B04D1FC
:1064AC007B6842220221995403E07B68432202213B
:1064BC0099543B680C2B2AD03B680C2B30D83B688A
:1064CC00082B1BD03B68082B2AD83B68002B03D029
:1064DC003B68042B09D023E07B681B68DA687B6877
:1064EC001B6802210A43DA601FE07B681B68DA68CC
:1064FC007B681B6804210A43DA6016E07B681B6822
:10650C00DA687B681B6808210A43DA600DE07B6857
:10651C001B68DA687B681B6810210A43DA6004E0A8
:10652C000F23FB1801221A70C0460F23FB181B788F
:10653C00002B54D17B681B6839680122180001F0CC
:10654C0045FC7B681B68294A934209D07B681B6811
:10655C00274A934204D07B681B68264A934201D198
:10656C00012300E00023002B08D07B681B685A6CC9
:10657C007B681B68802109020A435A647B681B688C
:10658C001A4A93420AD07B681A688023DB059A4228
:10659C0004D07B681B68184A934216D17B681B6831
:1065AC009B68164A1340BB60BB68062B16D0BA68B2
:1065BC0080235B029A4211D07B681B681A687B6847
:1065CC001B6801210A431A6008E07B681B681A6883
:1065DC007B681B6801210A431A6000E0C0460F2348
:1065EC00FB181B781800BD4604B080BD002C014080
:1065FC000044014000480140000400400700010035
:10660C0080B584B000AF786039600F23FB1800228E
:10661C001A703B680C2B2AD03B680C2B30D83B688B
:10662C00082B1BD03B68082B2AD83B68002B03D0C7
:10663C003B68042B09D023E07B681B68DA687B6815
:10664C001B6802218A43DA601FE07B681B68DA68EA
:10665C007B681B6804218A43DA6016E07B681B6840
:10666C00DA687B681B6808218A43DA600DE07B6876
:10667C001B68DA687B681B6810218A43DA6004E0C7
:10668C000F23FB1801221A70C0460F23FB181B782E
:10669C00002B00D06EE07B681B6839680022180064
:1066AC0001F094FB7B681B68364A934209D07B68E7
:1066BC001B68354A934204D07B681B68334A93426B
:1066CC0001D1012300E00023002B13D07B681B6851
:1066DC001B6A2F4A13400DD17B681B681B6A2D4A1D
:1066EC00134007D17B681B685A6C7B681B682A496E
:1066FC000A405A647B681B681B6A254A13400DD1FB
:10670C007B681B681B6A234A134007D17B681B6894
:10671C001A687B681B6801218A431A603B68002B4E
:10672C0004D17B683E220121995423E03B68042B61
:10673C0004D17B683F22012199541BE03B68082B54
:10674C0004D17B6840220121995413E03B680C2B47
:10675C0004D17B684122012199540BE03B68102B3A
:10676C0004D17B6842220121995403E07B684322C7
:10677C00012199540F23FB181B781800BD4604B057
:10678C0080BDC046002C014000440140004801403F
:10679C001111000044040000FF7FFFFF80B582B0A0
:1067AC0000AF78607B68002B01D1012356E07B6839
:1067BC003D229B5CDBB2002B13D17B683C22002179
:1067CC0099547B68180001F025FB7B685B6E002BED
:1067DC0002D17B68234A5A667B685B6E7A6810002C
:1067EC0098477B683D22022199547B681A687B6824
:1067FC0004331900100000F02DFF7B6848220121A2
:10680C0099547B683E22012199547B683F220121D7
:10681C0099547B684022012199547B6841220121C3
:10682C0099547B684222012199547B6843220121AF
:10683C0099547B684422012199547B68452201219B
:10684C0099547B684622012199547B684722012187
:10685C0099547B683D220121995400231800BD46B0
:10686C0002B080BD7568000880B582B000AF78605A
:10687C00C046BD4602B080BD80B584B000AF786024
:10688C0039603B68002B08D17B683E229B5CDBB2F5
:10689C00013B5A1E9341DBB237E03B68042B08D115
:1068AC007B683F229B5CDBB2013B5A1E9341DBB2FF
:1068BC002BE03B68082B08D17B6840229B5CDBB249
:1068CC00013B5A1E9341DBB21FE03B680C2B08D1F5
:1068DC007B6841229B5CDBB2013B5A1E9341DBB2CD
:1068EC0013E03B68102B08D17B6842229B5CDBB227
:1068FC00013B5A1E9341DBB207E07B6843229B5C51
:10690C00DBB2013B5A1E9341DBB2002B01D00123B9
:10691C0081E03B68002B04D17B683E220221995414
:10692C0023E03B68042B04D17B683F22022199545D
:10693C001BE03B68082B04D17B6840220221995450
:10694C0013E03B680C2B04D17B6841220221995443
:10695C000BE03B68102B04D17B6842220221995436
:10696C0003E07B684322022199547B681B683968D9
:10697C000122180001F02AFA7B681B68284A93420E
:10698C0009D07B681B68274A934204D07B681B683C
:10699C00254A934201D1012300E00023002B08D0AB
:1069AC007B681B685A6C7B681B68802109020A4350
:1069BC005A647B681B681A4A93420AD07B681A682F
:1069CC008023DB059A4204D07B681B68174A9342EC
:1069DC0016D17B681B689B68154A1340FB60FB68EB
:1069EC00062B16D0FA6880235B029A4211D07B6882
:1069FC001B681A687B681B6801210A431A6008E04F
:106A0C007B681B681A687B681B6801210A431A6043
:106A1C0000E0C04600231800BD4604B080BDC0464F
:106A2C00002C01400044014000480140000400409B
:106A3C000700010080B586B000AF786039607B68D4
:106A4C00002B01D101239CE07B683D229B5CDBB2D7
:106A5C00002B13D17B683C22002199547B681800D1
:106A6C0001F0D8F97B685B6F002B02D17B68474A39
:106A7C005A677B685B6F7A68100098477B683D2289
:106A8C00022199547B681B689A687B681B68404993
:106A9C000A409A607B681A687B68043319001000FE
:106AAC0000F0D8FD7B681B689B687B617B681B686A
:106ABC009B693B617B681B681B6AFB603B681B68BE
:106ACC007A6913437B613B69324A13403B613B68F3
:106ADC009A683B689B691B0213433A6913433B61F9
:106AEC003B692D4A13403B613B692C4A13403B6187
:106AFC003B68DA683B68DB691B0213433A69134352
:106B0C003B613B681B691A013B681B6A1B031343FF
:106B1C003A6913433B61FB6822229343FB60FB6899
:106B2C0088229343FB603B685A683B685B691B0196
:106B3C001343FA681343FB607B681B687A699A609D
:106B4C007B681B683A699A617B681B68FA681A62F1
:106B5C007B684822012199547B683E22012199547B
:106B6C007B683F22012199547B684422012199546E
:106B7C007B684522012199547B683D22012199545F
:106B8C0000231800BD4606B080BDC046B1300008D9
:106B9C00F8BFFEFFFCFCFFFFF3F3FFFF0F0FFFFF3F
:106BAC0090B585B000AF786039600F203B187A68DB
:106BBC003E21525C1A700E23FB187A683F21525CFE
:106BCC001A700D243B197A684421525C1A700C23FC
:106BDC00FB187A684521525C1A703B68002B12D165
:106BEC003B181B78012B03D13B191B78012B01D0CF
:106BFC00012375E07B683E22022199547B68442274
:106C0C00022199543DE03B68042B14D10E23FB1850
:106C1C001B78012B04D10C23FB181B78012B01D002
:106C2C0001235DE07B683F22022199547B68452259
:106C3C000221995425E00F23FB181B78012B0ED150
:106C4C000E23FB181B78012B09D10D23FB181B7885
:106C5C00012B04D10C23FB181B78012B01D0012331
:106C6C003EE07B683E22022199547B683F22022140
:106C7C0099547B684422022199547B684522022155
:106C8C0099543B68002B03D03B68042B08D00FE0D1
:106C9C007B681B6801220021180001F097F816E0B0
:106CAC007B681B6801220421180001F08FF80EE0AC
:106CBC007B681B6801220021180001F087F87B68B3
:106CCC001B6801220421180001F080F8C0467B6883
:106CDC001B681A687B681B6801210A431A60002331
:106CEC001800BD4605B090BD80B584B000AF78608B
:106CFC007B681B68DB68FB607B681B681B69BB607F
:106D0C00BB680222134027D0FB680222134023D019
:106D1C007B681B68032252421A617B6801221A7736
:106D2C007B681B689B690322134006D07B68942206
:106D3C009B587A68100098470BE07B689C229B5804
:106D4C007A68100098477B68A0229B587A681000DC
:106D5C0098477B6800221A77BB680422134028D01E
:106D6C00FB680422134024D07B681B680522524226
:106D7C001A617B6802221A777B681B689A69C023A8
:106D8C009B00134006D07B6894229B587A681000B5
:106D9C0098470BE07B689C229B587A6810009847B8
:106DAC007B68A0229B587A68100098477B68002269
:106DBC001A77BB680822134027D0FB6808221340BF
:106DCC0023D07B681B68092252421A617B6804221B
:106DDC001A777B681B68DB690322134006D07B683B
:106DEC0094229B587A68100098470BE07B689C2291
:106DFC009B587A68100098477B68A0229B587A6849
:106E0C00100098477B6800221A77BB681022134049
:106E1C0028D0FB681022134024D07B681B681122F9
:106E2C0052421A617B6808221A777B681B68DA6900
:106E3C00C0239B00134006D07B6894229B587A6831
:106E4C00100098470BE07B689C229B587A681000D6
:106E5C0098477B68A0229B587A68100098477B68FB
:106E6C0000221A77BB68012213400ED0FB68012266
:106E7C0013400AD07B681B68022252421A617B685D
:106E8C0084229B587A6810009847BB688022134074
:106E9C0004D1BA6880239B0113400DD0FB6880227B
:106EAC00134009D07B681B68224A1A617B68B422A4
:106EBC009B587A6810009847BA6880235B0013408F
:106ECC000DD0FB688022134009D07B681B681A4ADE
:106EDC001A617B68B8229B587A6810009847BB6887
:106EEC00402213400ED0FB68402213400AD07B682E
:106EFC001B68412252421A617B688C229B587A682B
:106F0C0010009847BB68202213400ED0FB6820224B
:106F1C0013400AD07B681B68212252421A617B689D
:106F2C00AC229B587A6810009847C046BD4604B006
:106F3C0080BDC0467FDFFFFFFFFEFFFF80B586B040
:106F4C0000AFF860B9607A601723FB1800221A7042
:106F5C00FB683C229B5C012B01D1022348E0FB68BF
:106F6C003C22012199547B68142B35D87B689A00FC
:106F7C00214BD3181B689F46FB681B68BA6811002D
:106F8C00180000F0EBFB2CE0FB681B68BA681100E2
:106F9C00180000F063FC24E0FB681B68BA68110061
:106FAC00180000F0D9FC1CE0FB681B68BA681100E3
:106FBC00180000F053FD14E0FB681B68BA68110060
:106FCC00180000F0AFFD0CE0FB681B68BA681100FC
:106FDC00180000F001FE04E01723FB1801221A70C0
:106FEC00C046FB683C22002199541723FB181B78E0
:106FFC001800BD4606B080BD80A5000880B586B0DF
:10700C0000AFF860B9607A601723FB1800221A7081
:10701C00FB683C229B5C012B01D10223E5E0FB6861
:10702C003C22012199547B68142B00D9D1E07B6858
:10703C009A00704BD3181B689F46FB681B68BA6894
:10704C001100180000F08AFBFB681B689A69FB684A
:10705C001B6808210A439A61FB681B689A69FB68E4
:10706C001B6804218A439A61FB681B689969BB6899
:10707C001A69FB681B680A439A61AFE0FB681B68DE
:10708C00BA681100180000F0E9FBFB681B689A69EC
:10709C00FB681B68802109010A439A61FB681B6825
:1070AC009A69FB681B6854490A409A61FB681B6823
:1070BC009969BB681B691A02FB681B680A439A61D1
:1070CC008CE0FB681B68BA681100180000F044FCE7
:1070DC00FB681B68DA69FB681B6808210A43DA61E4
:1070EC00FB681B68DA69FB681B6804218A43DA6158
:1070FC00FB681B68D969BB681A69FB681B680A4383
:10710C00DA616BE0FB681B68BA681100180000F0CC
:10711C00A5FCFB681B68DA69FB681B688021090108
:10712C000A43DA61FB681B68DA69FB681B68324941
:10713C000A40DA61FB681B68D969BB681B691A02D3
:10714C00FB681B680A43DA6148E0FB681B68BA6895
:10715C001100180000F0E6FCFB681B685A6DFB6818
:10716C001B6808210A435A65FB681B685A6DFB684B
:10717C001B6804218A435A65FB681B68596DBB6800
:10718C001A69FB681B680A435A6527E0FB681B6891
:10719C00BA681100180000F01FFDFB681B685A6DDF
:1071AC00FB681B68802109010A435A65FB681B6850
:1071BC005A6DFB681B6810490A405A65FB681B68CE
:1071CC00596DBB681B691A02FB681B680A435A6538
:1071DC0004E01723FB1801221A70C046FB683C22FE
:1071EC00002199541723FB181B781800BD4606B0D4
:1071FC0080BDC046D4A50008FFFBFFFF80B584B05E
:10720C0000AF786039600F23FB1800221A707B687E
:10721C003C229B5C012B01D10223BCE07B683C220D
:10722C00012199547B683D22022199547B681B688B
:10723C009B68BB60BB685A4A1340BB60BB68594A29
:10724C001340BB607B681B68BA689A603B681B681C
:10725C0080229201934240D080229201934200D925
:10726C0088E080225201934200D188E080225201B2
:10727C00934200D97EE0702B18D000D97AE0602BB5
:10728C004FD000D976E0502B3BD000D972E0402B88
:10729C0057D000D96EE0302B63D06BD8202B60D048
:1072AC0068D8002B5DD0102B5BD063E07B6818682E
:1072BC003B6899683B685A683B68DB6800F066FD80
:1072CC007B681B689B68BB60BB6877221343BB6001
:1072DC007B681B68BA689A6052E07B6818683B68E8
:1072EC0099683B685A683B68DB6800F04FFD7B6827
:1072FC001B689A687B681B688021C9010A439A60E5
:10730C003EE07B6818683B6859683B68DB681A008C
:10731C0000F0C0FC7B681B685021180000F01AFDBF
:10732C002EE07B6818683B6859683B68DB681A007C
:10733C0000F0DEFC7B681B686021180000F00AFD81
:10734C001EE07B6818683B6859683B68DB681A006C
:10735C0000F0A0FC7B681B684021180000F0FAFCD0
:10736C000EE07B681A683B681B681900100000F07F
:10737C00F1FC05E00F23FB1801221A7000E0C04657
:10738C007B683D22012199547B683C220021995451
:10739C000F23FB181B781800BD4604B080BDC046F7
:1073AC0088FFCEFFFF00FFFF80B582B000AF786092
:1073BC00C046BD4602B080BD80B582B000AF7860DB
:1073CC00C046BD4602B080BD80B582B000AF7860CB
:1073DC00C046BD4602B080BD80B582B000AF7860BB
:1073EC00C046BD4602B080BD80B582B000AF7860AB
:1073FC00C046BD4602B080BD80B582B000AF78609B
:10740C00C046BD4602B080BD80B582B000AF78608A
:10741C00C046BD4602B080BD80B582B000AF78607A
:10742C00C046BD4602B080BD80B582B000AF78606A
:10743C00C046BD4602B080BD80B582B000AF78605A
:10744C00C046BD4602B080BD80B586B000AFF860C6
:10745C007A600B23FB180A1C1A701723FB180022E6
:10746C001A707B68002B01D10123EAE0FB683D22F6
:10747C009B5CDBB2012B00D08EE00B23FB181B783E
:10748C001B2B00D983E09A00704BD3181B689F46C6
:10749C00FB687A68DA64D1E0FB687A681A65CDE03B
:1074AC00FB687A685A65C9E0FB687A689A65C5E03A
:1074BC00FB687A68DA65C1E0FB687A681A66BDE039
:1074CC00FB687A685A66B9E0FB687A689A66B5E038
:1074DC00FB687A68DA66B1E0FB687A681A67ADE037
:1074EC00FB687A685A67A9E0FB687A689A67A5E036
:1074FC00FB687A68DA67A1E0FB6880217A685A50E9
:10750C009CE0FB6884217A685A5097E0FB688821DC
:10751C007A685A5092E0FB688C217A685A508DE058
:10752C00FB6890217A685A5088E0FB6894217A684D
:10753C005A5083E0FB6898217A685A507EE0FB68C9
:10754C009C217A685A5079E0FB68A0217A685A50DD
:10755C0074E0FB68A4217A685A506FE0FB68A8219C
:10756C007A685A506AE0FB68AC217A685A5065E038
:10757C00FB68B0217A685A5060E0FB68B4217A68E5
:10758C005A505BE0FB68B8217A685A5056E01723D2
:10759C00FB1801221A7051E0FB683D229B5CDBB2A8
:1075AC00002B47D10B23FB181B780D2B3DD89A00D1
:1075BC00274BD3181B689F46FB687A68DA643DE05A
:1075CC00FB687A681A6539E0FB687A685A6535E0B9
:1075DC00FB687A689A6531E0FB687A68DA652DE0B9
:1075EC00FB687A681A6629E0FB687A685A6625E0B7
:1075FC00FB687A689A6621E0FB687A68DA661DE0B7
:10760C00FB687A681A6719E0FB687A685A6715E0B4
:10761C00FB687A689A6711E0FB687A68DA670DE0B4
:10762C00FB6880217A685A5008E01723FB18012266
:10763C001A7003E01723FB1801221A701723FB188A
:10764C001B781800BD4606B080BDC04628A60008B1
:10765C0098A6000880B584B000AF786039607B686C
:10766C001B68FB607B68374A934208D07A6880239A
:10767C00DB059A4203D07B68334A934208D1FB68FE
:10768C0070229343FB603B685B68FA681343FB60B2
:10769C007B682C4A934214D07A688023DB059A428B
:1076AC000FD07B68284A93420BD07B68274A9342C1
:1076BC0007D07B68264A934203D07B68254A9342C5
:1076CC0008D1FB68244A1340FB603B68DB68FA680E
:1076DC001343FB60FB68802293431A003B685B6991
:1076EC001343FB607B68FA681A603B689A687B6896
:1076FC00DA623B681A687B689A627B68114A93422B
:10770C0007D07B68124A934203D07B68114A93429C
:10771C0003D13B681A697B681A637B6801225A6142
:10772C007B681B6901221340012B06D17B681B6906
:10773C00012293431A007B681A61C046BD4604B00F
:10774C0080BDC046002C01400004004000200040D9
:10775C000044014000480140FFFCFFFF80B586B0AB
:10776C0000AF786039607B681B6A7B617B681B6A41
:10777C00012293431A007B681A627B685B683B6149
:10778C007B689B69FB60FB682E4A1340FB60FB68BF
:10779C0003229343FB603B681B68FA681343FB604E
:1077AC007B69022293437B613B689B687A69134334
:1077BC007B617B68244A934207D07B68234A9342BF
:1077CC0003D07B68224A93420CD17B6908229343F5
:1077DC007B613B68DB687A6913437B617B690422BC
:1077EC0093437B617B68184A934207D07B68174AA6
:1077FC00934203D07B68164A934211D13B69154AD8
:10780C0013403B613B69144A13403B613B685B6925
:10781C003A6913433B613B689B693A6913433B618B
:10782C007B683A695A607B68FA689A613B685A6867
:10783C007B685A637B687A691A62C046BD4606B09B
:10784C0080BDC0468FFFFEFF002C0140004401406C
:10785C0000480140FFFEFFFFFFFDFFFF80B586B033
:10786C0000AF786039607B681B6A7B617B681B6A40
:10787C00102293431A007B681A627B685B683B6139
:10788C007B689B69FB60FB682C4A1340FB60FB68C0
:10789C002B4A1340FB603B681B681B02FA681343BE
:1078AC00FB607B69202293437B613B689B681B01D7
:1078BC007A6913437B617B68224A93420DD17B69C1
:1078CC00802293437B613B68DB681B017A6913431D
:1078DC007B617B69402293437B617B68194A9342AD
:1078EC0007D07B68184A934203D07B68174A9342AF
:1078FC0013D13B69164A13403B613B69154A13404F
:10790C003B613B685B699B003A6913433B613B6895
:10791C009B699B003A6913433B617B683A695A60E7
:10792C007B68FA689A613B685A687B689A637B68E3
:10793C007A691A62C046BD4606B080BDFF8FFFFE55
:10794C00FFFCFFFF002C01400044014000480140B7
:10795C00FFFBFFFFFFF7FFFF80B586B000AF78603D
:10796C0039607B681B6A7B617B681B6A314A1A40F1
:10797C007B681A627B685B683B617B68DB69FB60D8
:10798C00FB682D4A1340FB60FB6803229343FB60AA
:10799C003B681B68FA681343FB607B69274A1340FA
:1079AC007B613B689B681B027A6913437B617B6834
:1079BC00234A93420DD17B69224A13407B613B6879
:1079CC00DB681B027A6913437B617B691E4A134097
:1079DC007B617B681A4A934207D07B681B4A9342AF
:1079EC0003D07B681A4A934213D13B69194A13405E
:1079FC003B613B69184A13403B613B685B691B0167
:107A0C003A6913433B613B689B691B013A69134319
:107A1C003B617B683A695A607B68FA68DA613B685B
:107A2C005A687B68DA637B687A691A62C046BD461D
:107A3C0006B080BDFFFEFFFF8FFFFEFFFFFDFFFFC7
:107A4C00002C0140FFF7FFFFFFFBFFFF004401404C
:107A5C0000480140FFEFFFFFFFDFFFFF80B586B05E
:107A6C0000AF786039607B681B6A3B617B681B6A7E
:107A7C00244A1A407B681A627B685B687B617B686E
:107A8C00DB69FB60FB68204A1340FB60FB681F4A04
:107A9C001340FB603B681B681B02FA681343FB60D6
:107AAC003B691B4A13403B613B689B681B033A696B
:107ABC0013433B617B68174A934207D07B68164A95
:107ACC00934203D07B68154A934209D17B69144ACF
:107ADC0013407B613B685B699B017A6913437B6153
:107AEC007B687A695A607B68FA68DA613B685A6825
:107AFC007B681A647B683A691A62C046BD4606B058
:107B0C0080BDC046FFEFFFFFFF8FFFFEFFFCFFFFB6
:107B1C00FFDFFFFF002C0140004401400048014002
:107B2C00FFBFFFFF80B586B000AF786039607B681F
:107B3C001B6A3B617B681B6A214A1A407B681A628C
:107B4C007B685B687B617B685B6DFB60FB681D4AD7
:107B5C001340FB603B681B68FA681343FB603B698E
:107B6C00194A13403B613B689B681B043A691343F9
:107B7C003B617B68154A934207D07B68144A934259
:107B8C0003D07B68134A934209D17B690C4A13409A
:107B9C007B613B685B691B027A6913437B617B6881
:107BAC007A695A607B68FA685A653B685A687B68E0
:107BBC009A657B683A691A62C046BD4606B080BDBC
:107BCC00FFFFFEFF8FFFFEFFFFFFFDFF002C0140BC
:107BDC00004401400048014080B586B000AF786099
:107BEC0039607B681B6A3B617B681B6A224A1A40BE
:107BFC007B681A627B685B687B617B685B6DFB6092
:107C0C00FB681E4A1340FB603B681B681B02FA684A
:107C1C001343FB603B691A4A13403B613B689B680A
:107C2C001B053A6913433B617B68164A934207D0A4
:107C3C007B68154A934203D07B68144A934209D15E
:107C4C007B69134A13407B613B685B699B027A69D1
:107C5C0013437B617B687A695A607B68FA685A6562
:107C6C003B685A687B68DA657B683A691A62C04679
:107C7C00BD4606B080BDC046FFFFEFFFFF8FFFFE85
:107C8C00FFFFDFFF002C0140004401400048014091
:107C9C00FFFFFBFF80B586B000AFF860B9607A607B
:107CAC00FB681B6A7B61FB681B6A012293431A0009
:107CBC00FB681A62FB689B693B613B69F02293434A
:107CCC003B617B681B013A6913433B617B690A2268
:107CDC0093437B617A69BB6813437B61FB683A69A8
:107CEC009A61FB687A691A62C046BD4606B080BDCF
:107CFC0080B586B000AFF860B9607A60FB681B6A2B
:107D0C007B61FB681B6A102293431A00FB681A62A2
:107D1C00FB689B693B613B690D4A13403B617B6887
:107D2C001B033A6913433B617B69A02293437B613C
:107D3C00BB681B017A6913437B61FB683A699A61E2
:107D4C00FB687A691A62C046BD4606B080BDC04663
:107D5C00FF0FFFFF80B584B000AF786039607B689F
:107D6C009B68FB60FB68084A1340FB603A68FB6841
:107D7C00134307221343FB607B68FA689A60C04682
:107D8C00BD4604B080BDC0468FFFCFFF80B586B026
:107D9C0000AFF860B9607A603B60FB689B687B6100
:107DAC007B69094A13407B613B681A027B681A4362
:107DBC00BB6813437A6913437B61FB687A699A60E9
:107DCC00C046BD4606B080BDFF00FFFF80B586B043
:107DDC0000AFF860B9607A60BB681F2213400122C3
:107DEC009A4013007B61FB681B6A7A69D2431A4084
:107DFC00FB681A62FB681A6ABB681F210B40796822
:107E0C0099400B001A43FB681A62C046BD4606B087
:107E1C0080BD000080B582B000AF78607B688421A3
:107E2C001C4A5A507B6888211B4A5A507B688C210B
:107E3C001A4A5A507B689021194A5A507B689421EF
:107E4C00184A5A507B689821174A5A507B689C21D3
:107E5C00164A5A507B68A021154A5A507B68A421B7
:107E6C00144A5A507B68A821134A5A507B68AC219B
:107E7C00124A5A507B68B021114A5A507B68B4217F
:107E8C00104A5A507B68B8210F4A5A50C046BD461A
:107E9C0002B080BDB5730008C573000825740008D6
:107EAC0035740008E5730008F5730008D5730008F5
:107EBC00057400081574000845740008E18000087A
:107ECC00F1800008018100081181000880B584B0A0
:107EDC0000AF786039607B683C229B5C012B01D140
:107EEC00022350E07B683C22012199547B683D229F
:107EFC00022199547B681B685B68FB607B681B687C
:107F0C009B68BB607B681B68214A934208D1FB6865
:107F1C00204A1340FB603B685B68FA681343FB60C4
:107F2C00FB6870229343FB603B681B68FA68134341
:107F3C00FB607B681B68FA685A607B681B68144A94
:107F4C0093420AD07B681A688023DB059A4204D0DE
:107F5C007B681B68104A93420CD1BB688022934308
:107F6C00BB603B689B68BA681343BB607B681B684B
:107F7C00BA689A607B683D22012199547B683C2247
:107F8C000021995400231800BD4604B080BDC046A2
:107F9C00002C0140FFFF0FFF0004004080B584B0AF
:107FAC0000AF786039600023FB607B683C229B5CEF
:107FBC00012B01D102236FE07B683C2201219954F3
:107FCC00FB68FF2293431A003B68DB681343FB609A
:107FDC00FB68334A1A403B689B681343FB60FB68A1
:107FEC00304A1A403B685B681343FB60FB682E4ABF
:107FFC001A403B681B681343FB60FB682B4A1A4012
:10800C003B681B691343FB60FB68294A1A403B68B9
:10801C005B691343FB60FB68264A1A403B681B6B89
:10802C001343FB60FB68244A1A403B689B691B04A2
:10803C001343FB60FB68214A1A403B68DB6913431E
:10804C00FB607B681B681E4A93421CD1FB681D4A6F
:10805C001A403B689B6A1B051343FB60FB681A4A7A
:10806C001A403B681B6A1343FB60FB68174A1A40B3
:10807C003B685B6A1343FB60FB68154A1A403B681C
:10808C00DB6A1343FB607B681B68FA685A647B6885
:10809C003C220021995400231800BD4604B080BD39
:1080AC00FFFCFFFFFFFBFFFFFFF7FFFFFFEFFFFFF3
:1080BC00FFDFFFFFFFBFFFFFFFFFF0FFFFFFFFEF43
:1080CC00002C0140FFFF0FFFFFFFFFFEFFFFFFFD36
:1080DC00FFFFFFDF80B582B000AF7860C046BD46C1
:1080EC0002B080BD80B582B000AF7860C046BD469E
:1080FC0002B080BD80B582B000AF7860C046BD468E
:10810C0002B080BD80B582B000AF7860C046BD467D
:10811C0002B080BD80B582B000AF78607B68002B68
:10812C0001D1012355E07B6888229B58002B16D186
:10813C007B688422002199547B68180000F0E0FCD5
:10814C007B68C4229B58002B03D17B68C421234A33
:10815C005A507B68C4229B587A68100098477B68F9
:10816C008822242199507B681B681A687B681B68DD
:10817C0001218A431A607B689B6A002B03D07B68C1
:10818C00180000F085FF7B68180000F009FD030063
:10819C00012B01D101231CE07B681B685A687B68AA
:1081AC001B680F490A405A607B681B689A687B6899
:1081BC001B682A218A439A607B681B681A687B6853
:1081CC001B6801210A431A607B68180001F014F83F
:1081DC0003001800BD4602B080BDC0465D320008E9
:1081EC00FFB7FFFF80B586B000AFF8607A600B2355
:1081FC00FB180A1C1A701723FB1800221A707B68D4
:10820C00002B09D1FB6890229B5840221A43FB6833
:10821C0090215A5001238FE0FB6888229B58202B19
:10822C0057D10B23FB181B780C2B45D89A00444BC9
:10823C00D3181B689F46FB6894217A685A5078E0E3
:10824C00FB6898217A685A5073E0FB689C217A6825
:10825C005A506EE0FB68A0217A685A5069E0FB68BE
:10826C00A4217A685A5064E0FB68A8217A685A50B5
:10827C005FE0FB68AC217A685A505AE0FB68B02189
:10828C007A685A5055E0FB68B4217A685A5050E02D
:10829C00FB68B8217A685A504BE0FB68BC217A68BD
:1082AC005A5046E0FB68C4217A685A5041E0FB689A
:1082BC00C8217A685A503CE0FB6890229B584022B7
:1082CC001A43FB6890215A501723FB1801221A708D
:1082DC002FE0FB6888229B58002B1ED10B23FB1828
:1082EC001B780B2B02D00C2B05D009E0FB68C421AA
:1082FC007A685A501DE0FB68C8217A685A5018E019
:10830C00FB6890229B5840221A43FB6890215A50DC
:10831C001723FB1801221A700BE0FB6890229B5864
:10832C0040221A43FB6890215A501723FB18012254
:10833C001A701723FB181B781800BD4606B080BDB9
:10834C00E8A6000880B588B000AFF860B960BB1D26
:10835C001A80FB688C229B58202B4AD1BB68002BBF
:10836C0003D0BB1D1B88002B01D1012342E0FB680D
:10837C009A6880235B019A4209D1FB681B69002B28
:10838C0005D1BB680122134001D0012332E0FB6808
:10839C000022DA66FB681B68184A934220D0FB68FF
:1083AC001B685A6880231B04134019D0EFF3108309
:1083BC003B613B69FB6101237B617B6983F3108823
:1083CC00C046FB681B681A68FB681B688021C904DF
:1083DC000A431A60FB69BB61BB6983F31088C04612
:1083EC00BB1D1A88B968FB68180001F01FF8030060
:1083FC0000E002231800BD4608B080BD008000409C
:10840C00B0B5AAB000AF78607B681B68DB69A422AA
:10841C00B9180B607B681B681B68A02039180B60AF
:10842C007B681B689B689C2439190B601100BB1876
:10843C001B68A54A13409822BD182B60BB181B68FB
:10844C00002B1AD17B181B682022134015D03B1827
:10845C001B682022134005D13B191A6880235B0549
:10846C0013400AD07B685B6F002B00D1EAE27B687B
:10847C005B6F7A6810009847E4E29823FB181B683E
:10848C00002B00D128E19C23FB181B688F4A13405A
:10849C0006D1A023FB181B688D4A134000D11BE1A9
:1084AC00A423FB181B680122134012D0A023FB1835
:1084BC001A6880235B0013400BD07B681B68012279
:1084CC001A627B6890229B5801221A437B68902188
:1084DC005A50A423FB181B680222134011D09C2372
:1084EC00FB181B68012213400BD07B681B6802220F
:1084FC001A627B6890229B5804221A437B68902155
:10850C005A50A423FB181B680422134011D09C233F
:10851C00FB181B68012213400BD07B681B680422DC
:10852C001A627B6890229B5802221A437B68902126
:10853C005A50A423FB181B680822134017D0A02301
:10854C00FB181B682022134005D19C23FB181B68C9
:10855C005E4A13400BD07B681B6808221A627B684A
:10856C0090229B5808221A437B6890215A50A423CE
:10857C00FB181A6880231B01134013D0A023FB188F
:10858C001A688023DB0413400CD07B681B688022A4
:10859C0012011A627B6890229B5820221A437B6836
:1085AC0090215A507B6890229B58002B00D14BE2B3
:1085BC00A423FB181B682022134015D0A023FB1802
:1085CC001B682022134006D19C23FB181A688023B9
:1085DC005B05134008D07B685B6F002B04D07B6875
:1085EC005B6F7A68100098477B6890229B589421A7
:1085FC007A1813607B681B689B6840221340402BE1
:10860C0004D07B181B682822134050D07B681800BC
:10861C0001F030F87B681B689B6840221340402BAC
:10862C003ED1EFF310833B663B6E90203A181360FB
:10863C0001237B667B6E83F31088C0467B681B68C6
:10864C009A687B681B6840218A439A603B181B68B8
:10865C00BB66BB6E83F31088C0467B6880229B5838
:10866C00002B16D07B6880229B581A4A9A637B6831
:10867C0080229B581800FBF797F9031E22D07B68C9
:10868C0080229B589B6B7A68802152581000984727
:10869C0018E07B68A4229B587A681000984711E078
:1086AC007B68A4229B587A68100098470AE07B6884
:1086BC00A4229B587A68100098477B68902200216E
:1086CC009950C1E1C046BFE10F0800000100001045
:1086DC00200100044D9700087B68DB6E012B00D055
:1086EC0040E1A423FB181B681022134000D139E190
:1086FC00A023FB181B681022134000D132E17B68C9
:10870C001B6810221A627B681B689B68402213400E
:10871C00402B00D0A5E07B6880229B581B685A68D0
:10872C007E217B181A807B181B88002B00D18DE1D1
:10873C007B685C229B5A7A1812889A4200D385E196
:10874C007B687A185E2112885A527B6880229B586B
:10875C001B681B682022134070D1EFF310833B631E
:10876C003B6BBB6701237B637B6B83F31088C04639
:10877C007B681B681A687B681B68B8490A401A60DA
:10878C00BB6FBB63BB6B83F31088C046EFF31083E6
:10879C00FB63FB6B7B6701233B643B6C83F31088AF
:1087AC00C0467B681B689A687B681B6801218A43FA
:1087BC009A607B6F7B647B6C83F31088C046EFF30D
:1087CC001083BB64BB6C3B670123FB64FB6C83F3C2
:1087DC001088C0467B681B689A687B681B684021C0
:1087EC008A439A603B6F3B653B6D83F31088C046B0
:1087FC007B688C22202199507B680022DA66EFF38B
:10880C0010837B657B6DFB660123BB65BB6D83F3BE
:10881C001088C0467B681B681A687B681B6810212F
:10882C008A431A60FB6EFB65FB6D83F31088C046B0
:10883C007B6880229B581800FBF754F87B68022257
:10884C001A677B68C0229B587A685C21515A7A68F7
:10885C005E20125A92B28A1A91B27A681000984726
:10886C00F4E07B685C22995A7B685E229B5A9AB230
:10887C008E203B188A1A1A807B685E229B5A9BB208
:10888C00002B00D1E4E03B181B88002B00D1DFE06B
:10889C00EFF31083FB60FB6888243A191360012303
:1088AC003B613B6983F31088C0467B681B681A6880
:1088BC007B681B686A490A401A603B191B687B611C
:1088CC007B6983F31088C046EFF31083BB61BB69EF
:1088DC0084243A1913600123FB61FB6983F310882C
:1088EC00C0467B681B689A687B681B685D490A40B8
:1088FC009A603B191B683B623B6A83F31088C04645
:10890C007B688C22202199507B680022DA667B6878
:10891C0000225A67EFF310837B627B6A80243A193A
:10892C0013600123BB62BB6A83F31088C0467B686B
:10893C001B681A687B681B6810218A431A603B19F4
:10894C001B68FB62FB6A83F31088C0467B680222BB
:10895C001A677B68C0229B583A1811887A681000F5
:10896C00984775E0A423FB181A6880235B03134017
:10897C0012D09C23FB181A688023DB0313400BD006
:10898C007B681B68802252031A627B68B4229B5856
:10899C007A68100098475EE0A423FB181B688022BD
:1089AC00134016D0A023FB181B688022134006D15D
:1089BC009C23FB181A6880231B04134009D07B6886
:1089CC009B6F002B46D07B689B6F7A681000984792
:1089DC0040E0A423FB181B68402213400AD0A023BC
:1089EC00FB181B684022134004D07B68180000F071
:1089FC00C0FE30E0A423FB181A6880231B0413402C
:108A0C000DD0A023FB181A688023DB05134006D079
:108A1C007B68BC229B587A68100098471BE0A42303
:108A2C00FB181A6880235B04134014D0A023FB1896
:108A3C001B68002B0FDA7B68B8229B587A681000F1
:108A4C00984708E0C04606E0C04604E0C04602E095
:108A5C00C04600E0C046BD462AB0B0BDFFFEFFFFD9
:108A6C00DFFEFFFFFEFFFFEF80B582B000AF786046
:108A7C00C046BD4602B080BD80B582B000AF786004
:108A8C00C046BD4602B080BD80B582B000AF7860F4
:108A9C00C046BD4602B080BD80B582B000AF7860E4
:108AAC00C046BD4602B080BD80B582B000AF7860D4
:108ABC00C046BD4602B080BD80B582B000AF7860C4
:108ACC00C046BD4602B080BD80B582B000AF7860B4
:108ADC00C046BD4602B080BD80B582B000AF7860A4
:108AEC00C046BD4602B080BD80B582B000AF786094
:108AFC000A00BB1C1A80C046BD4602B080BD0000F7
:108B0C0080B582B000AF78607B689421184A5A50C7
:108B1C007B689821174A5A507B689C21164A5A50F8
:108B2C007B68A021154A5A507B68A421144A5A50DC
:108B3C007B68A821134A5A507B68AC21124A5A50C0
:108B4C007B68B021114A5A507B68B421104A5A50A4
:108B5C007B68B8210F4A5A507B68BC210E4A5A5088
:108B6C007B68C0210D4A5A50C046BD4602B080BD3C
:108B7C00858A0008758A0008A58A0008958A00086D
:108B8C00B58A0008C58A0008D58A0008E58A00085D
:108B9C001DA200082DA200083DA20008F58A0008BD
:108BAC00B0B590B000AF78621A2320229B18DB1965
:108BBC0000221A707B6A9A687B6A1B691A437B6A6B
:108BCC005B691A437B6ADB691343FB637B6A1B6833
:108BDC001B68C44A134019007B6A1A68FB6B0B4371
:108BEC0013607B6A1B685B68BF4A134018007B6A82
:108BFC00D9687B6A1A6803000B4353607B6A9B69D4
:108C0C00FB637B6A1B68B94A934204D07B6A1B6A7C
:108C1C00FA6B1343FB637B6A1B689B68B44A134073
:108C2C0019007B6A1A68FB6B0B4393607B6A1B68A9
:108C3C00DB6A0F22934318007B6A596A7B6A1A68B5
:108C4C0003000B43D3627B6A1B68AA4A934231D15F
:108C5C00A94B5B6D03221340032B1DD023D8022B91
:108C6C000CD020D8002B02D0012B0ED01BE01B23E4
:108C7C0020229B18DB1900221A7071E01B23202282
:108C8C009B18DB1902221A706AE01B2320229B1806
:108C9C00DB1904221A7063E01B2320229B18DB19BA
:108CAC0008221A705CE01B2320229B18DB1910226F
:108CBC001A7055E07B6A1B68904A934206D11B23BD
:108CCC0020229B18DB1900221A7049E07B6A1B6872
:108CDC00864A93423ED1884B5A6DC0231B011340E8
:108CEC00C0221201934227D0C022120193422AD8EB
:108CFC0080221201934211D080221201934222D879
:108D0C00002B04D08022D20093420ED01BE01B23F8
:108D1C0020229B18DB1900221A7021E01B23202231
:108D2C009B18DB1902221A701AE01B2320229B18B5
:108D3C00DB1904221A7013E01B2320229B18DB1969
:108D4C0008221A700CE01B2320229B18DB1910221E
:108D5C001A7005E01B2320229B18DB1910221A70B5
:108D6C007B6A1B68614A934200D092E01B2320224D
:108D7C009B18DB191B78082B15D018DC042B0DD095
:108D8C0015DC002B02D0022B05D010E0FCF746F9C5
:108D9C0003007B6314E05A4B7B6311E0FCF7B2F8E1
:108DAC0003007B630CE080231B027B6308E0002341
:108DBC007B631A2320229B18DB1901221A70C046F0
:108DCC007B6B002B00D147E17B6A5A6A4D4B5200FA
:108DDC00D35A1900786BF7F78FF90300BB627B6AE3
:108DEC005A6813005B009B18BA6A9A4205D37B6AD7
:108DFC005B681B03BA6A9A4206D91A2320229B1875
:108E0C00DB1901221A7027E17B6BBB610023FB612C
:108E1C007B6A5A6A3B4B5200D35A3B6100237B61FD
:108E2C003A697B69B869F969F7F7F2F902000B0046
:108E3C00110E1D020D4314027B6A5B685B08BB605C
:108E4C000023FB60B868F968001969417B6A5B68AC
:108E5C003B6000237B603A687B68F7F7D9F9020026
:108E6C000B0013003B633A6BC0239B009A4209D35F
:108E7C003A6B80235B039A4204D27B6A1B683A6B81
:108E8C00DA60E9E01A2320229B18DB1901221A7000
:108E9C00E2E07B6ADA6980231B029A4200D083E00D
:108EAC001B2320229B18DB191B78082B15D02BDCDD
:108EBC00042B0DD028DC002B02D0022B05D023E094
:108ECC00FCF7ACF803007B6327E00D4B7B6324E0DD
:108EDC00FCF718F803007B631FE080231B027B6305
:108EEC001BE0C046F369FFCFFFCFFFFF00800040BF
:108EFC00FFF4FF1100380140001002400044004014
:108F0C000024F400D0A6000800237B631A2320223F
:108F1C009B18DB1901221A70C0467B6B002B00D109
:108F2C009AE07B6A5A6A584B5200D35A1900786BF4
:108F3C00F7F7E2F803005A007B6A5B685B08D2180B
:108F4C007B6A5B6819001000F7F7D6F803003B63E7
:108F5C003B6B0F2B21D93A6B80235B029A421CD2BC
:108F6C003B6B9AB20E2020240319DB190F218A4384
:108F7C001A803B6B5B089BB20722134099B2031912
:108F8C00DB190219D21912880A431A807B6A1B68F2
:108F9C000219D2191288DA605EE01A2320229B187B
:108FAC00DB1901221A7057E01B2320229B18DB19B6
:108FBC001B78082B15D018DC042B0DD015DC002BDE
:108FCC0002D0022B05D010E0FCF728F803007B63DD
:108FDC0014E02E4B7B6311E0FBF794FF03007B63E3
:108FEC000CE080231B027B6308E000237B631A23C5
:108FFC0020229B18DB1901221A70C0467B6B002BB8
:10900C002AD07B6A5A6A204B5200D35A1900786BCB
:10901C00F7F772F803001A007B6A5B685B08D218DA
:10902C007B6A5B6819001000F7F766F803003B6376
:10903C003B6B0F2B0AD93A6B80235B029A4205D209
:10904C003B6B9AB27B6A1B68DA6005E01A2320221C
:10905C009B18DB1901221A707B6A6A220121995232
:10906C007B6A6822012199527B6A00225A677B6ACB
:10907C0000229A671A2320229B18DB191B781800F0
:10908C00BD4610B0B0BDC046D0A600080024F40008
:10909C0080B582B000AF78607B689B6A0822134071
:1090AC000BD07B681B685B684A4A134019007B68CD
:1090BC009A6B7B681B680A435A607B689B6A012227
:1090CC0013400BD07B681B685B68434A1340190044
:1090DC007B68DA6A7B681B680A435A607B689B6A08
:1090EC00022213400BD07B681B685B683B4A134021
:1090FC0019007B681A6B7B681B680A435A607B6893
:10910C009B6A042213400BD07B681B685B68344A53
:10911C00134019007B685A6B7B681B680A435A60C2
:10912C007B689B6A102213400BD07B681B689B6882
:10913C002C4A134019007B68DA6B7B681B680A4366
:10914C009A607B689B6A202213400BD07B681B685B
:10915C009B68254A134019007B681A6C7B681B6856
:10916C000A439A607B689B6A402213401DD07B683F
:10917C001B685B681D4A134019007B685A6C7B683E
:10918C001B680A435A607B685A6C80235B039A42C3
:10919C000BD17B681B685B68154A134019007B6810
:1091AC009A6C7B681B680A435A607B689B6A8022B6
:1091BC0013400BD07B681B685B680E4A1340190088
:1091CC007B68DA6C7B681B680A435A60C046BD46F4
:1091DC0002B080BDFF7FFFFFFFFFFDFFFFFFFEFF23
:1091EC00FFFFFBFFFFEFFFFFFFDFFFFFFFFFEFFFC7
:1091FC00FFFF9FFFFFFFF7FF80B592B002AF7860D3
:10920C007B68902200219950FAF760FA0300FB6307
:10921C007B681B681B6808221340082B2DD1FB6B45
:10922C00802291037868474A0092002200F08EF861
:10923C00031E22D0EFF310837B627B6ABB63012396
:10924C00BB62BB6A83F31088C0467B681B681A68D4
:10925C007B681B6880218A431A60BB6BFB62FB6ACC
:10926C0083F31088C0467B688822202199507B6844
:10927C00842200219954032360E07B681B681B68DF
:10928C0004221340042B46D1FB6B8022D103786857
:10929C002C4A0092002200F059F8031E3BD0EFF349
:1092AC001083FB60FB687B6301233B613B6983F3A9
:1092BC001088C0467B681B681A687B681B6822494B
:1092CC000A401A607B6B7B617B6983F31088C04614
:1092DC00EFF31083BB61BB693B630123FB61FB694B
:1092EC0083F31088C0467B681B689A687B681B6890
:1092FC0001218A439A603B6B3B623B6A83F3108883
:10930C00C0467B688C22202199507B6884220021E6
:10931C009954032312E07B688822202199507B68A2
:10932C008C22202199507B680022DA667B6800220F
:10933C001A677B6884220021995400231800BD46CB
:10934C0010B080BDFFFFFF01DFFEFFFF80B584B0D2
:10935C0000AFF860B9603B60FB1D1A7051E0BB694F
:10936C0001334ED0FAF7B2F902003B68D31ABA694E
:10937C009A4202D3BB69002B01D1032351E0FB6855
:10938C001B681B68042213403BD0BB68802B38D071
:10939C00BB68402B35D0FB681B68DB690822134087
:1093AC00082B11D1FB681B6808221A62FB68180095
:1093BC0000F060F9FB68902208219950FB68842228
:1093CC000021995401232CE0FB681B68DA69802387
:1093DC001B011A4080231B019A4212D1FB681B68A7
:1093EC00802212011A62FB68180000F043F9FB6836
:1093FC00902220219950FB68842200219954032348
:10940C000FE0FB681B68DB69BA681340BA68D31AB3
:10941C005A425341DBB21A00FB1D1B789A429ED074
:10942C0000231800BD4604B080BD000080B598B084
:10943C0000AFF860B960BB1D1A80FB68BA689A650A
:10944C00FB68BA1D5C2112885A52FB68BA1D5E215A
:10945C0012885A52FB6800225A67FB689A6880236C
:10946C005B019A420DD1FB681B69002B04D1FB6890
:10947C0060227B4999522EE0FB686022FF219952B1
:10948C0029E0FB689B68002B0DD1FB681B69002B46
:10949C0004D1FB686022FF2199521CE0FB6860221A
:1094AC007F21995217E0FB689A6880235B059A42EA
:1094BC000DD1FB681B69002B04D1FB6860227F2156
:1094CC00995208E0FB6860223F21995203E0FB6847
:1094DC00602200219952FB68902200219950FB6870
:1094EC008C2222219950EFF310833B643B6CFB657B
:1094FC0001237B647B6C83F31088C046FB681B687C
:10950C009A68FB681B6801210A439A60FB6DBB6477
:10951C00BB6C83F31088C046FB685A6E80239B0596
:10952C009A4250D1FB6868229B5ABA1D12889A4203
:10953C0049D3FB689A6880235B019A4207D1FB6888
:10954C001B69002B03D1FB68464A5A6702E0FB6893
:10955C00454A5A67FB681B69002B19D0EFF310833F
:10956C007B637B6BBB650123BB63BB6B83F3108895
:10957C00C046FB681B681A68FB681B6880214900A1
:10958C000A431A60BB6DFB63FB6B83F31088C04608
:10959C00EFF31083BB62BB6A7B650123FB62FB6A42
:1095AC0083F31088C046FB681B689A68FB681B68CD
:1095BC00802149050A439A607B6D3B633B6B83F3C7
:1095CC001088C04647E0FB689A6880235B019A428A
:1095DC0007D1FB681B69002B03D1FB68234A5A6730
:1095EC0002E0FB68224A5A67FB681B69002B19D002
:1095FC00EFF31083FB61FB69FB6401233B623B6A65
:10960C0083F31088C046FB681B681A68FB681B68EC
:10961C00902149000A431A60FB6C7B627B6A83F3DE
:10962C00108818E0EFF310833B613B693B65012325
:10963C007B617B6983F31088C046FB681B681A68E2
:10964C00FB681B6820210A431A603B6DBB61BB6938
:10965C0083F31088C04600231800BD4618B080BDA7
:10966C00FF010000BD9E0008759B0008A999000829
:10967C00DD97000880B58EB000AF7860EFF31083F3
:10968C007B617B697B630123BB61BB6983F31088BE
:10969C00C0467B681B681A687B681B6826490A40B1
:1096AC001A607B6BFB61FB6983F31088C046EFF398
:1096BC0010833B623B6A3B6301237B627B6A83F3CF
:1096CC001088C0467B681B689A687B681B681B49BE
:1096DC000A409A603B6BBB62BB6A83F31088C0463E
:1096EC007B68DB6E012B18D1EFF31083BB60BB687A
:1096FC00FB620123FB60FB6883F31088C0467B6828
:10970C001B681A687B681B6810218A431A60FB6A05
:10971C003B613B6983F31088C0467B688C22202117
:10972C0099507B680022DA667B6800225A67C04633
:10973C00BD460EB080BDC046DFFEFFFFFEFFFFEF53
:10974C0080B584B000AF78607B689B6AFB60FB6877
:10975C005E2200219952FB68562200219952FB6827
:10976C00A4229B58FA6810009847C046BD4604B026
:10977C0080BD80B586B000AF7860EFF31083BB601E
:10978C00BB687B610123FB60FB6883F31088C046D8
:10979C007B681B681A687B681B6840218A431A60C7
:1097AC007B693B613B6983F31088C0467B688822E8
:1097BC00202199507B6800229A677B6898229B58DD
:1097CC007A6810009847C046BD4606B080BD0000C0
:1097DC0080B594B000AF78604E203B187A68602159
:1097EC00525A1A807B688C229B58222B00D0C2E0E4
:1097FC007B681B685A6A4C217B181A807B181B8863
:10980C00DAB23B181B88D9B27B689B6D0A40D2B286
:10981C001A707B689B6D5A1C7B689A657B685E220C
:10982C009B5A9BB2013B99B27B685E2299527B6832
:10983C005E229B5A9BB2002B00D0A4E0EFF3108366
:10984C007B627B6ABB640123BB62BB6A83F31088B7
:10985C00C0467B681B681A687B681B684C490A40C9
:10986C001A60BB6CFB62FB6A83F31088C046EFF393
:10987C0010833B633B6B7B6401237B637B6B83F3C8
:10988C001088C0467B681B689A687B681B6801213E
:10989C008A439A607B6CBB63BB6B83F31088C046B6
:1098AC007B688C22202199507B6800225A677B6848
:1098BC0000221A677B681B68364A93421FD07B686C
:1098CC001B685A6880231B04134018D0EFF31083D5
:1098DC00BB61BB693B640123FB61FB6983F31088AB
:1098EC00C0467B681B681A687B681B682A490A405B
:1098FC001A603B6C3B623B6A83F31088C0467B6802
:10990C00DB6E012B30D17B680022DA66EFF310831B
:10991C00FB60FB68FB6301233B613B6983F31088AD
:10992C00C0467B681B681A687B681B6810218A43D9
:10993C001A60FB6B7B617B6983F31088C0467B6884
:10994C001B68DB6910221340102B03D17B681B684A
:10995C0010221A627B68C0229B587A685C21515A8B
:10996C007A68100098470EE07B68A0229B587A68B2
:10997C001000984707E07B681B689A697B681B6836
:10998C0008210A439A61C046BD4614B080BDC0464A
:10999C00DFFEFFFF00800040FFFFFFFB80B594B0AF
:1099AC0000AF78604E203B187A686021525A1A80BA
:1099BC007B688C229B58222B00D0C2E07B681B68F2
:1099CC005A6A4C217B181A807B689B6DBB647B1890
:1099DC003A181B88128813409AB2BB6C1A807B68A9
:1099EC009B6D9A1C7B689A657B685E229B5A9BB226
:1099FC00013B99B27B685E2299527B685E229B5A2E
:109A0C009BB2002B00D0A4E0EFF310833B623B6AC7
:109A1C007B6401237B627B6A83F31088C0467B687E
:109A2C001B681A687B681B684C490A401A607B6C7F
:109A3C00BB62BB6A83F31088C046EFF31083FB62F2
:109A4C00FB6A3B6401233B633B6B83F31088C0468A
:109A5C007B681B689A687B681B6801218A439A6043
:109A6C003B6C7B637B6B83F31088C0467B688C22DA
:109A7C00202199507B6800225A677B6800221A6764
:109A8C007B681B68364A93421FD07B681B685A68F8
:109A9C0080231B04134018D0EFF310837B617B6988
:109AAC00FB630123BB61BB6983F31088C0467B68F1
:109ABC001B681A687B681B682A490A401A60FB6B92
:109ACC00FB61FB6983F31088C0467B68DB6E012B5E
:109ADC0030D17B680022DA66EFF31083BB60BB6881
:109AEC00BB630123FB60FB6883F31088C0467B6873
:109AFC001B681A687B681B6810218A431A60BB6B51
:109B0C003B613B6983F31088C0467B681B68DB694B
:109B1C0010221340102B03D17B681B6810221A6291
:109B2C007B68C0229B587A685C21515A7A68100075
:109B3C0098470EE07B68A0229B587A6810009847E3
:109B4C0007E07B681B689A697B681B6808210A43DD
:109B5C009A61C046BD4614B080BDC046DFFEFFFF13
:109B6C0000800040FFFFFFFB80B5A0B000AF786025
:109B7C007A23FB187A686021525A1A807B681B681A
:109B8C00DB69FB677B681B681B687B677B681B68F2
:109B9C009B683B677B688C229B58222B00D06FE123
:109BAC006E23FB187A686821525A1A8016E17B687A
:109BBC001B685A6A6C217B181A807B181B88DAB2D6
:109BCC007A23FB181B88D9B27B689B6D0A40D2B2F2
:109BDC001A707B689B6D5A1C7B689A657B685E2249
:109BEC009B5A9BB2013B99B27B685E2299527B686F
:109BFC001B68DB69FB67FB6F072213404BD0FB6FC5
:109C0C000122134010D07A6F80235B0013400BD0DD
:109C1C007B681B6801221A627B6890229B58012288
:109C2C001A437B6890215A50FB6F022213400FD0CD
:109C3C003B6F012213400BD07B681B6802221A6217
:109C4C007B6890229B5804221A437B6890215A50BF
:109C5C00FB6F042213400FD03B6F012213400BD03B
:109C6C007B681B6804221A627B6890229B58022234
:109C7C001A437B6890215A507B6890229B58002B8A
:109C8C0009D07B68A4229B587A68100098477B689F
:109C9C009022002199507B685E229B5A9BB2002B2C
:109CAC0000D09BE0EFF31083BB63BB6BBB6601235F
:109CBC00FB63FB6B83F31088C0467B681B681A68D8
:109CCC007B681B6874490A401A60BB6E3B643B6C32
:109CDC0083F31088C046EFF310837B647B6C7B6648
:109CEC000123BB64BB6C83F31088C0467B681B6884
:109CFC009A687B681B6869490A409A607B6EFB64B2
:109D0C00FB6C83F31088C0467B688C222021995011
:109D1C007B6800225A677B6800221A677B681B6885
:109D2C005F4A93421FD07B681B685A6880231B04D0
:109D3C00134018D0EFF31083FB62FB6A3B660123E0
:109D4C003B633B6B83F31088C0467B681B681A68C7
:109D5C007B681B6853490A401A603B6E7B637B6BC4
:109D6C0083F31088C0467B68DB6E012B30D17B6897
:109D7C000022DA66EFF310833B623B6AFB6501233A
:109D8C007B627B6A83F31088C0467B681B681A6809
:109D9C007B681B6810218A431A60FB6DBB62BB6A2F
:109DAC0083F31088C0467B681B68DB691022134064
:109DBC00102B03D17B681B6810221A627B68C022AF
:109DCC009B587A685C21515A7A681000984705E0D4
:109DDC007B68A0229B587A68100098476E23FB186A
:109DEC001B88002B04D0FB6F2022134000D0DEE632
:109DFC005A203B187A685E21525A1A8001007B184F
:109E0C001B88002B44D07B6868229B5A7A181288D6
:109E1C009A423DD2EFF31083BB60BB687B65012394
:109E2C00FB60FB6883F31088C0467B681B689A68EC
:109E3C007B681B681C490A409A607B6D3B613B69DF
:109E4C0083F31088C0467B68184A5A67EFF3108377
:109E5C007B617B693B650123BB61BB6983F3108824
:109E6C00C0467B681B681A687B681B6820210A4304
:109E7C001A603B6DFB61FB6983F31088C04607E0F9
:109E8C007B681B689A697B681B6808210A439A6186
:109E9C00C046BD4620B080BDFFFEFFFFFEFFFFEFBA
:109EAC0000800040FFFFFFFBFFFFFFEFDD97000886
:109EBC0080B5A2B000AF78608223FB187A6860216D
:109ECC00525A1A807B681B68DB698422BA181360AB
:109EDC007B681B681B68FB677B681B689B68BB67A0
:109EEC007B688C229B58222B00D079E17623FB18BF
:109EFC007A686821525A1A801EE17B681B685A6A7C
:109F0C0074217B181A807B689B6D3B677B188222BF
:109F1C00BA181B88128813409AB23B6F1A807B6860
:109F2C009B6D9A1C7B689A657B685E229B5A9BB2E0
:109F3C00013B99B27B685E2299527B681B68DB6996
:109F4C0084217A1813607B181B680722134050D0A9
:109F5C007B181B680122134010D0FA6F80235B0022
:109F6C0013400BD07B681B6801221A627B6890221D
:109F7C009B5801221A437B6890215A508423FB186A
:109F8C001B68022213400FD0BB6F012213400BD071
:109F9C007B681B6802221A627B6890229B58042201
:109FAC001A437B6890215A508423FB181B680422A7
:109FBC0013400FD0BB6F012213400BD07B681B6882
:109FCC0004221A627B6890229B5802221A437B68F7
:109FDC0090215A507B6890229B58002B09D07B68AB
:109FEC00A4229B587A68100098477B689022002125
:109FFC0099507B685E229B5A9BB2002B00D09BE051
:10A00C00EFF31083FB63FB6BFB6601233B643B6C40
:10A01C0083F31088C0467B681B681A687B681B68D2
:10A02C0075490A401A60FB6E7B647B6C83F3108865
:10A03C00C046EFF31083BB64BB6CBB660123FB64AF
:10A04C00FB6C83F31088C0467B681B689A687B683E
:10A05C001B686A490A409A60BB6E3B653B6D83F393
:10A06C001088C0467B688C22202199507B68002286
:10A07C005A677B6800221A677B681B68604A9342A8
:10A08C001FD07B681B685A6880231B04134018D0B0
:10A09C00EFF310833B633B6B7B6601237B637B6B32
:10A0AC0083F31088C0467B681B681A687B681B6842
:10A0BC0054490A401A607B6EBB63BB6B83F31088F8
:10A0CC00C0467B68DB6E012B30D17B680022DA66E0
:10A0DC00EFF310837B627B6A3B660123BB62BB6A36
:10A0EC0083F31088C0467B681B681A687B681B6802
:10A0FC0010218A431A603B6EFB62FB6A83F3108863
:10A10C00C0467B681B68DB6910221340102B03D1FF
:10A11C007B681B6810221A627B68C0229B587A6885
:10A12C005C21515A7A681000984705E07B68A022A0
:10A13C009B587A68100098477623FB181B88002BD5
:10A14C0006D08423FB181B682022134000D0D4E6D1
:10A15C005E203B187A685E21525A1A8001007B18E7
:10A16C001B88002B44D07B6868229B5A7A18128873
:10A17C009A423DD2EFF31083FB60FB68BB65012371
:10A18C003B613B6983F31088C0467B681B689A6807
:10A19C007B681B681C490A409A60BB6D7B617B69BC
:10A1AC0083F31088C0467B68184A5A67EFF3108314
:10A1BC00BB61BB697B650123FB61FB6983F3108881
:10A1CC00C0467B681B681A687B681B6820210A43A1
:10A1DC001A607B6D3B623B6A83F31088C04607E0D4
:10A1EC007B681B689A697B681B6808210A439A6123
:10A1FC00C046BD4622B080BDFFFEFFFFFEFFFFEF55
:10A20C0000800040FFFFFFFBFFFFFFEFA999000854
:10A21C0080B582B000AF7860C046BD4602B080BD4C
:10A22C0080B582B000AF7860C046BD4602B080BD3C
:10A23C0080B582B000AF7860C046BD4602B080BD2C
:10A24C0003008218934200D1704719700133F9E76B
:10A25C0070B500260C4C0D4D641BA410A64209D100
:10A26C00002600F019F80A4C0A4D641BA410A642F3
:10A27C0005D170BDB300EB5898470136EEE7B3003B
:10A28C00EB5898470136F2E724A7000824A70008EA
:10A29C0028A7000824A70008F8B5C046F8BC08BCDD
:10A2AC009E467047F8B5C046F8BC08BC9E46704741
:10A2BC0000000002000400060008000A000C000E5A
:10A2CC0000100012001400160018001A001C001ECA
:10A2DC0000200022002400260028002A002C002E3A
:10A2EC0000300032003400360038003A003C003EAA
:10A2FC0000400042004400460048004A004C004E1A
:10A30C0000500052005400560058005A005C005E89
:10A31C0000600062006400660068006A006C006EF9
:10A32C0000700072007400760078007A007C007E69
:10A33C0000800082008400860088008A008C008ED9
:10A34C0000900092009400960098009A009C009E49
:10A35C0000A000A200A400A600A800AA00AC00AEB9
:10A36C0000B000B200B400B600B800BA00BC00BE29
:10A37C0000C000C200C400C600C800CA00CC00CE99
:10A38C0000D000D200D400D600D800DA00DC00DE09
:10A39C0000E000E200E400E600E800EA00EC00EE79
:10A3AC0000F000F200F400F600F800FA00FC00FEE9
:10A3BC00FFFF00FE00FC00FA00F800F600F400F2CB
:10A3CC0000F000EE00EC00EA00E800E600E400E239
:10A3DC0000E000DE00DC00DA00D800D600D400D2A9
:10A3EC0000D000CE00CC00CA00C800C600C400C219
:10A3FC0000C000BE00BC00BA00B800B600B400B289
:10A40C0000B000AE00AC00AA00A800A600A400A2F8
:10A41C0000A0009E009C009A009800960094009268
:10A42C000090008E008C008A0088008600840082D8
:10A43C000080007E007C007A007800760074007248
:10A44C000070006E006C006A0068006600640062B8
:10A45C000060005E005C005A005800560054005228
:10A46C000050004E004C004A004800460044004298
:10A47C000040003E003C003A003800360034003208
:10A48C000030002E002C002A002800260024002278
:10A49C000020001E001C001A0018001600140012E8
:10A4AC000010000E000C000A000800060004000258
:10A4BC000000000000000000000000000000000090
:10A4CC000000000000000000000000000000000080
:10A4DC000100000002000000030000000400000066
:10A4EC000600000007000000080000000900000042
:10A4FC000000000000000000000000000000000050
:10A50C000100000002000000030000000400000035
:10A51C008C420008944200089C420008A4420008A7
:10A52C00AC420008B4420008BC420008C442000817
:10A53C00CC420008725500087A5500088255000874
:10A54C008A550008925500089A550008D255000803
:10A55C00D2550008D2550008A2550008AA5500088B
:10A56C00B2550008BA550008D2550008C25500086B
:10A57C00CA550008846F0008E46F0008E46F0008F7
:10A58C00E46F0008946F0008E46F0008E46F0008A3
:10A59C00E46F0008A46F0008E46F0008E46F000883
:10A5AC00E46F0008B46F0008E46F0008E46F000863
:10A5BC00E46F0008C46F0008E46F0008E46F000843
:10A5CC00E46F0008D46F000846700008DE710008C4
:10A5DC00DE710008DE71000888700008DE7100086A
:10A5EC00DE710008DE710008CE700008DE71000814
:10A5FC00DE710008DE71000810710008DE710008C1
:10A60C00DE710008DE71000856710008DE7100086A
:10A61C00DE710008DE710008987100089C74000857
:10A62C00A4740008AC740008B4740008BC7400086E
:10A63C00C4740008CC740008D4740008DC740008DE
:10A64C00E4740008EC740008F4740008FC7400084E
:10A65C00047500080E7500081875000822750008AE
:10A66C002C75000836750008407500084A750008FE
:10A67C00547500085E75000868750008727500084E
:10A68C007C7500088675000890750008C475000874
:10A69C00CC750008D4750008DC750008E47500085A
:10A6AC00EC750008F4750008FC75000804760008C9
:10A6BC000C760008147600081C7600082476000836
:10A6CC002C760008010002000400060008000A00B5
:10A6DC000C001000200040008000000142820008A5
:10A6EC004C82000856820008608200086A820008CA
:10A6FC00748200087E82000888820008928200081A
:10A70C009C820008A6820008B0820008BA82000869
:08A71C00405BFF7F010000001B
:04A72400E500000844
:04A72800BD00000868
:10A72C0000000050000000500000005000000050DD
:10A73C00000000500000005010002000400080007D
:10A74C0000080010000400500004005000040050E9
:10A75C000004005000012000400080000E000000AA
:0CA76C000024F4000400000001000000C4
:040000050800358D2D
:00000001FF
